tripid,loc_from,searches,searches_got_estimate,searches_for_quotes,searches_got_quotes,customer_not_cancelled,driver_not_cancelled,otp_entered,end_ride
1,16,1,1,1,1,1,1,1,1
2,24,1,1,1,1,1,1,1,1
3,18,1,1,1,1,1,1,1,1
4,28,1,1,1,1,1,1,1,1
5,19,1,1,1,1,1,1,1,1
6,37,1,1,1,1,1,1,1,1
7,22,1,1,1,1,1,1,1,1
8,28,1,1,1,1,1,1,1,1
9,25,1,1,1,1,1,1,1,1
10,32,1,1,1,1,1,1,1,1
11,37,1,1,1,1,1,1,1,1
12,22,1,1,1,1,1,1,1,1
13,21,1,1,1,1,1,1,1,1
14,26,1,1,1,1,1,1,1,1
15,3,1,1,1,1,1,1,1,1
16,16,1,1,1,1,1,1,1,1
17,27,1,1,1,1,1,1,1,1
18,29,1,1,1,1,1,1,1,1
19,13,1,1,1,1,1,1,1,1
20,24,1,1,1,1,1,1,1,1
21,20,1,1,1,1,1,1,1,1
22,29,1,1,1,1,1,1,1,1
23,35,1,1,1,1,1,1,1,1
24,28,1,1,1,1,1,1,1,1
25,32,1,1,1,1,1,1,1,1
26,12,1,1,1,1,1,1,1,1
27,4,1,1,1,1,1,1,1,1
28,27,1,1,1,1,1,1,1,1
29,6,1,1,1,1,1,1,1,1
30,23,1,1,1,1,1,1,1,1
31,30,1,1,1,1,1,1,1,1
32,2,1,1,1,1,1,1,1,1
33,9,1,1,1,1,1,1,1,1
34,19,1,1,1,1,1,1,1,1
35,3,1,1,1,1,1,1,1,1
36,30,1,1,1,1,1,1,1,1
37,24,1,1,1,1,1,1,1,1
38,28,1,1,1,1,1,1,1,1
39,26,1,1,1,1,1,1,1,1
40,14,1,1,1,1,1,1,1,1
41,6,1,1,1,1,1,1,1,1
42,20,1,1,1,1,1,1,1,1
43,11,1,1,1,1,1,1,1,1
44,16,1,1,1,1,1,1,1,1
45,9,1,1,1,1,1,1,1,1
46,4,1,1,1,1,1,1,1,1
47,20,1,1,1,1,1,1,1,1
48,35,1,1,1,1,1,1,1,1
49,11,1,1,1,1,1,1,1,1
50,35,1,1,1,1,1,1,1,1
51,36,1,1,1,1,1,1,1,1
52,35,1,1,1,1,1,1,1,1
53,10,1,1,1,1,1,1,1,1
54,21,1,1,1,1,1,1,1,1
55,33,1,1,1,1,1,1,1,1
56,2,1,1,1,1,1,1,1,1
57,15,1,1,1,1,1,1,1,1
58,8,1,1,1,1,1,1,1,1
59,7,1,1,1,1,1,1,1,1
60,19,1,1,1,1,1,1,1,1
61,29,1,1,1,1,1,1,1,1
62,15,1,1,1,1,1,1,1,1
63,15,1,1,1,1,1,1,1,1
64,18,1,1,1,1,1,1,1,1
65,35,1,1,1,1,1,1,1,1
66,10,1,1,1,1,1,1,1,1
67,24,1,1,1,1,1,1,1,1
68,24,1,1,1,1,1,1,1,1
69,21,1,1,1,1,1,1,1,1
70,32,1,1,1,1,1,1,1,1
71,37,1,1,1,1,1,1,1,1
72,20,1,1,1,1,1,1,1,1
73,31,1,1,1,1,1,1,1,1
74,7,1,1,1,1,1,1,1,1
75,36,1,1,1,1,1,1,1,1
76,11,1,1,1,1,1,1,1,1
77,4,1,1,1,1,1,1,1,1
78,36,1,1,1,1,1,1,1,1
79,27,1,1,1,1,1,1,1,1
80,18,1,1,1,1,1,1,1,1
81,37,1,1,1,1,1,1,1,1
82,26,1,1,1,1,1,1,1,1
83,20,1,1,1,1,1,1,1,1
84,10,1,1,1,1,1,1,1,1
85,16,1,1,1,1,1,1,1,1
86,36,1,1,1,1,1,1,1,1
87,17,1,1,1,1,1,1,1,1
88,3,1,1,1,1,1,1,1,1
89,6,1,1,1,1,1,1,1,1
90,1,1,1,1,1,1,1,1,1
91,4,1,1,1,1,1,1,1,1
92,25,1,1,1,1,1,1,1,1
93,18,1,1,1,1,1,1,1,1
94,22,1,1,1,1,1,1,1,1
95,17,1,1,1,1,1,1,1,1
96,9,1,1,1,1,1,1,1,1
97,36,1,1,1,1,1,1,1,1
98,24,1,1,1,1,1,1,1,1
99,30,1,1,1,1,1,1,1,1
100,37,1,1,1,1,1,1,1,1
101,37,1,1,1,1,1,1,1,1
102,29,1,1,1,1,1,1,1,1
103,15,1,1,1,1,1,1,1,1
104,20,1,1,1,1,1,1,1,1
105,37,1,1,1,1,1,1,1,1
106,14,1,1,1,1,1,1,1,1
107,12,1,1,1,1,1,1,1,1
108,12,1,1,1,1,1,1,1,1
109,25,1,1,1,1,1,1,1,1
110,36,1,1,1,1,1,1,1,1
111,25,1,1,1,1,1,1,1,1
112,22,1,1,1,1,1,1,1,1
113,13,1,1,1,1,1,1,1,1
114,36,1,1,1,1,1,1,1,1
115,16,1,1,1,1,1,1,1,1
116,3,1,1,1,1,1,1,1,1
117,9,1,1,1,1,1,1,1,1
118,25,1,1,1,1,1,1,1,1
119,9,1,1,1,1,1,1,1,1
120,16,1,1,1,1,1,1,1,1
121,20,1,1,1,1,1,1,1,1
122,17,1,1,1,1,1,1,1,1
123,3,1,1,1,1,1,1,1,1
124,13,1,1,1,1,1,1,1,1
125,26,1,1,1,1,1,1,1,1
126,2,1,1,1,1,1,1,1,1
127,24,1,1,1,1,1,1,1,1
128,25,1,1,1,1,1,1,1,1
129,2,1,1,1,1,1,1,1,1
130,13,1,1,1,1,1,1,1,1
131,3,1,1,1,1,1,1,1,1
132,22,1,1,1,1,1,1,1,1
133,2,1,1,1,1,1,1,1,1
134,4,1,1,1,1,1,1,1,1
135,1,1,1,1,1,1,1,1,1
136,1,1,1,1,1,1,1,1,1
137,12,1,1,1,1,1,1,1,1
138,31,1,1,1,1,1,1,1,1
139,34,1,1,1,1,1,1,1,1
140,34,1,1,1,1,1,1,1,1
141,35,1,1,1,1,1,1,1,1
142,2,1,1,1,1,1,1,1,1
143,33,1,1,1,1,1,1,1,1
144,1,1,1,1,1,1,1,1,1
145,20,1,1,1,1,1,1,1,1
146,28,1,1,1,1,1,1,1,1
147,11,1,1,1,1,1,1,1,1
148,23,1,1,1,1,1,1,1,1
149,3,1,1,1,1,1,1,1,1
150,25,1,1,1,1,1,1,1,1
151,32,1,1,1,1,1,1,1,1
152,29,1,1,1,1,1,1,1,1
153,14,1,1,1,1,1,1,1,1
154,29,1,1,1,1,1,1,1,1
155,16,1,1,1,1,1,1,1,1
156,2,1,1,1,1,1,1,1,1
157,10,1,1,1,1,1,1,1,1
158,10,1,1,1,1,1,1,1,1
159,5,1,1,1,1,1,1,1,1
160,19,1,1,1,1,1,1,1,1
161,32,1,1,1,1,1,1,1,1
162,36,1,1,1,1,1,1,1,1
163,7,1,1,1,1,1,1,1,1
164,5,1,1,1,1,1,1,1,1
165,5,1,1,1,1,1,1,1,1
166,33,1,1,1,1,1,1,1,1
167,28,1,1,1,1,1,1,1,1
168,30,1,1,1,1,1,1,1,1
169,1,1,1,1,1,1,1,1,1
170,36,1,1,1,1,1,1,1,1
171,3,1,1,1,1,1,1,1,1
172,27,1,1,1,1,1,1,1,1
173,29,1,1,1,1,1,1,1,1
174,28,1,1,1,1,1,1,1,1
175,36,1,1,1,1,1,1,1,1
176,12,1,1,1,1,1,1,1,1
177,5,1,1,1,1,1,1,1,1
178,22,1,1,1,1,1,1,1,1
179,17,1,1,1,1,1,1,1,1
180,31,1,1,1,1,1,1,1,1
181,17,1,1,1,1,1,1,1,1
182,34,1,1,1,1,1,1,1,1
183,1,1,1,1,1,1,1,1,1
184,32,1,1,1,1,1,1,1,1
185,15,1,1,1,1,1,1,1,1
186,21,1,1,1,1,1,1,1,1
187,31,1,1,1,1,1,1,1,1
188,8,1,1,1,1,1,1,1,1
189,9,1,1,1,1,1,1,1,1
190,24,1,1,1,1,1,1,1,1
191,20,1,1,1,1,1,1,1,1
192,3,1,1,1,1,1,1,1,1
193,7,1,1,1,1,1,1,1,1
194,35,1,1,1,1,1,1,1,1
195,11,1,1,1,1,1,1,1,1
196,9,1,1,1,1,1,1,1,1
197,28,1,1,1,1,1,1,1,1
198,20,1,1,1,1,1,1,1,1
199,37,1,1,1,1,1,1,1,1
200,33,1,1,1,1,1,1,1,1
201,3,1,1,1,1,1,1,1,1
202,20,1,1,1,1,1,1,1,1
203,1,1,1,1,1,1,1,1,1
204,14,1,1,1,1,1,1,1,1
205,14,1,1,1,1,1,1,1,1
206,19,1,1,1,1,1,1,1,1
207,33,1,1,1,1,1,1,1,1
208,36,1,1,1,1,1,1,1,1
209,24,1,1,1,1,1,1,1,1
210,3,1,1,1,1,1,1,1,1
211,27,1,1,1,1,1,1,1,1
212,10,1,1,1,1,1,1,1,1
213,15,1,1,1,1,1,1,1,1
214,3,1,1,1,1,1,1,1,1
215,21,1,1,1,1,1,1,1,1
216,26,1,1,1,1,1,1,1,1
217,28,1,1,1,1,1,1,1,1
218,33,1,1,1,1,1,1,1,1
219,5,1,1,1,1,1,1,1,1
220,29,1,1,1,1,1,1,1,1
221,29,1,1,1,1,1,1,1,1
222,19,1,1,1,1,1,1,1,1
223,16,1,1,1,1,1,1,1,1
224,20,1,1,1,1,1,1,1,1
225,35,1,1,1,1,1,1,1,1
226,22,1,1,1,1,1,1,1,1
227,11,1,1,1,1,1,1,1,1
228,3,1,1,1,1,1,1,1,1
229,16,1,1,1,1,1,1,1,1
230,16,1,1,1,1,1,1,1,1
231,34,1,1,1,1,1,1,1,1
232,6,1,1,1,1,1,1,1,1
233,29,1,1,1,1,1,1,1,1
234,25,1,1,1,1,1,1,1,1
235,13,1,1,1,1,1,1,1,1
236,12,1,1,1,1,1,1,1,1
237,15,1,1,1,1,1,1,1,1
238,9,1,1,1,1,1,1,1,1
239,25,1,1,1,1,1,1,1,1
240,14,1,1,1,1,1,1,1,1
241,21,1,1,1,1,1,1,1,1
242,22,1,1,1,1,1,1,1,1
243,37,1,1,1,1,1,1,1,1
244,33,1,1,1,1,1,1,1,1
245,36,1,1,1,1,1,1,1,1
246,15,1,1,1,1,1,1,1,1
247,5,1,1,1,1,1,1,1,1
248,26,1,1,1,1,1,1,1,1
249,35,1,1,1,1,1,1,1,1
250,17,1,1,1,1,1,1,1,1
251,35,1,1,1,1,1,1,1,1
252,1,1,1,1,1,1,1,1,1
253,25,1,1,1,1,1,1,1,1
254,11,1,1,1,1,1,1,1,1
255,36,1,1,1,1,1,1,1,1
256,4,1,1,1,1,1,1,1,1
257,18,1,1,1,1,1,1,1,1
258,27,1,1,1,1,1,1,1,1
259,6,1,1,1,1,1,1,1,1
260,36,1,1,1,1,1,1,1,1
261,35,1,1,1,1,1,1,1,1
262,28,1,1,1,1,1,1,1,1
263,17,1,1,1,1,1,1,1,1
264,30,1,1,1,1,1,1,1,1
265,17,1,1,1,1,1,1,1,1
266,4,1,1,1,1,1,1,1,1
267,37,1,1,1,1,1,1,1,1
268,30,1,1,1,1,1,1,1,1
269,12,1,1,1,1,1,1,1,1
270,17,1,1,1,1,1,1,1,1
271,27,1,1,1,1,1,1,1,1
272,18,1,1,1,1,1,1,1,1
273,16,1,1,1,1,1,1,1,1
274,21,1,1,1,1,1,1,1,1
275,23,1,1,1,1,1,1,1,1
276,25,1,1,1,1,1,1,1,1
277,31,1,1,1,1,1,1,1,1
278,24,1,1,1,1,1,1,1,1
279,16,1,1,1,1,1,1,1,1
280,35,1,1,1,1,1,1,1,1
281,12,1,1,1,1,1,1,1,1
282,36,1,1,1,1,1,1,1,1
283,5,1,1,1,1,1,1,1,1
284,18,1,1,1,1,1,1,1,1
285,19,1,1,1,1,1,1,1,1
286,24,1,1,1,1,1,1,1,1
287,16,1,1,1,1,1,1,1,1
288,15,1,1,1,1,1,1,1,1
289,15,1,1,1,1,1,1,1,1
290,10,1,1,1,1,1,1,1,1
291,33,1,1,1,1,1,1,1,1
292,28,1,1,1,1,1,1,1,1
293,17,1,1,1,1,1,1,1,1
294,35,1,1,1,1,1,1,1,1
295,37,1,1,1,1,1,1,1,1
296,12,1,1,1,1,1,1,1,1
297,11,1,1,1,1,1,1,1,1
298,24,1,1,1,1,1,1,1,1
299,5,1,1,1,1,1,1,1,1
300,21,1,1,1,1,1,1,1,1
301,18,1,1,1,1,1,1,1,1
302,21,1,1,1,1,1,1,1,1
303,30,1,1,1,1,1,1,1,1
304,23,1,1,1,1,1,1,1,1
305,6,1,1,1,1,1,1,1,1
306,26,1,1,1,1,1,1,1,1
307,10,1,1,1,1,1,1,1,1
308,1,1,1,1,1,1,1,1,1
309,13,1,1,1,1,1,1,1,1
310,2,1,1,1,1,1,1,1,1
311,6,1,1,1,1,1,1,1,1
312,37,1,1,1,1,1,1,1,1
313,9,1,1,1,1,1,1,1,1
314,22,1,1,1,1,1,1,1,1
315,16,1,1,1,1,1,1,1,1
316,8,1,1,1,1,1,1,1,1
317,16,1,1,1,1,1,1,1,1
318,24,1,1,1,1,1,1,1,1
319,31,1,1,1,1,1,1,1,1
320,27,1,1,1,1,1,1,1,1
321,6,1,1,1,1,1,1,1,1
322,1,1,1,1,1,1,1,1,1
323,31,1,1,1,1,1,1,1,1
324,23,1,1,1,1,1,1,1,1
325,17,1,1,1,1,1,1,1,1
326,9,1,1,1,1,1,1,1,1
327,4,1,1,1,1,1,1,1,1
328,28,1,1,1,1,1,1,1,1
329,16,1,1,1,1,1,1,1,1
330,8,1,1,1,1,1,1,1,1
331,16,1,1,1,1,1,1,1,1
332,30,1,1,1,1,1,1,1,1
333,32,1,1,1,1,1,1,1,1
334,20,1,1,1,1,1,1,1,1
335,32,1,1,1,1,1,1,1,1
336,31,1,1,1,1,1,1,1,1
337,23,1,1,1,1,1,1,1,1
338,26,1,1,1,1,1,1,1,1
339,3,1,1,1,1,1,1,1,1
340,28,1,1,1,1,1,1,1,1
341,36,1,1,1,1,1,1,1,1
342,26,1,1,1,1,1,1,1,1
343,6,1,1,1,1,1,1,1,1
344,25,1,1,1,1,1,1,1,1
345,14,1,1,1,1,1,1,1,1
346,21,1,1,1,1,1,1,1,1
347,32,1,1,1,1,1,1,1,1
348,1,1,1,1,1,1,1,1,1
349,10,1,1,1,1,1,1,1,1
350,3,1,1,1,1,1,1,1,1
351,29,1,1,1,1,1,1,1,1
352,1,1,1,1,1,1,1,1,1
353,2,1,1,1,1,1,1,1,1
354,35,1,1,1,1,1,1,1,1
355,29,1,1,1,1,1,1,1,1
356,14,1,1,1,1,1,1,1,1
357,30,1,1,1,1,1,1,1,1
358,23,1,1,1,1,1,1,1,1
359,19,1,1,1,1,1,1,1,1
360,35,1,1,1,1,1,1,1,1
361,9,1,1,1,1,1,1,1,1
362,16,1,1,1,1,1,1,1,1
363,37,1,1,1,1,1,1,1,1
364,33,1,1,1,1,1,1,1,1
365,25,1,1,1,1,1,1,1,1
366,8,1,1,1,1,1,1,1,1
367,23,1,1,1,1,1,1,1,1
368,1,1,1,1,1,1,1,1,1
369,36,1,1,1,1,1,1,1,1
370,5,1,1,1,1,1,1,1,1
371,6,1,1,1,1,1,1,1,1
372,2,1,1,1,1,1,1,1,1
373,10,1,1,1,1,1,1,1,1
374,29,1,1,1,1,1,1,1,1
375,30,1,1,1,1,1,1,1,1
376,18,1,1,1,1,1,1,1,1
377,31,1,1,1,1,1,1,1,1
378,16,1,1,1,1,1,1,1,1
379,24,1,1,1,1,1,1,1,1
380,27,1,1,1,1,1,1,1,1
381,35,1,1,1,1,1,1,1,1
382,26,1,1,1,1,1,1,1,1
383,35,1,1,1,1,1,1,1,1
384,24,1,1,1,1,1,1,1,1
385,9,1,1,1,1,1,1,1,1
386,10,1,1,1,1,1,1,1,1
387,34,1,1,1,1,1,1,1,1
388,28,1,1,1,1,1,1,1,1
389,2,1,1,1,1,1,1,1,1
390,25,1,1,1,1,1,1,1,1
391,4,1,1,1,1,1,1,1,1
392,18,1,1,1,1,1,1,1,1
393,28,1,1,1,1,1,1,1,1
394,19,1,1,1,1,1,1,1,1
395,22,1,1,1,1,1,1,1,1
396,28,1,1,1,1,1,1,1,1
397,8,1,1,1,1,1,1,1,1
398,4,1,1,1,1,1,1,1,1
399,9,1,1,1,1,1,1,1,1
400,22,1,1,1,1,1,1,1,1
401,12,1,1,1,1,1,1,1,1
402,4,1,1,1,1,1,1,1,1
403,16,1,1,1,1,1,1,1,1
404,27,1,1,1,1,1,1,1,1
405,28,1,1,1,1,1,1,1,1
406,11,1,1,1,1,1,1,1,1
407,20,1,1,1,1,1,1,1,1
408,36,1,1,1,1,1,1,1,1
409,1,1,1,1,1,1,1,1,1
410,6,1,1,1,1,1,1,1,1
411,18,1,1,1,1,1,1,1,1
412,37,1,1,1,1,1,1,1,1
413,34,1,1,1,1,1,1,1,1
414,12,1,1,1,1,1,1,1,1
415,6,1,1,1,1,1,1,1,1
416,35,1,1,1,1,1,1,1,1
417,9,1,1,1,1,1,1,1,1
418,18,1,1,1,1,1,1,1,1
419,14,1,1,1,1,1,1,1,1
420,33,1,1,1,1,1,1,1,1
421,36,1,1,1,1,1,1,1,1
422,9,1,1,1,1,1,1,1,1
423,32,1,1,1,1,1,1,1,1
424,20,1,1,1,1,1,1,1,1
425,12,1,1,1,1,1,1,1,1
426,34,1,1,1,1,1,1,1,1
427,8,1,1,1,1,1,1,1,1
428,19,1,1,1,1,1,1,1,1
429,7,1,1,1,1,1,1,1,1
430,37,1,1,1,1,1,1,1,1
431,5,1,1,1,1,1,1,1,1
432,20,1,1,1,1,1,1,1,1
433,9,1,1,1,1,1,1,1,1
434,24,1,1,1,1,1,1,1,1
435,36,1,1,1,1,1,1,1,1
436,17,1,1,1,1,1,1,1,1
437,17,1,1,1,1,1,1,1,1
438,28,1,1,1,1,1,1,1,1
439,6,1,1,1,1,1,1,1,1
440,12,1,1,1,1,1,1,1,1
441,22,1,1,1,1,1,1,1,1
442,33,1,1,1,1,1,1,1,1
443,6,1,1,1,1,1,1,1,1
444,31,1,1,1,1,1,1,1,1
445,4,1,1,1,1,1,1,1,1
446,15,1,1,1,1,1,1,1,1
447,12,1,1,1,1,1,1,1,1
448,17,1,1,1,1,1,1,1,1
449,20,1,1,1,1,1,1,1,1
450,15,1,1,1,1,1,1,1,1
451,6,1,1,1,1,1,1,1,1
452,9,1,1,1,1,1,1,1,1
453,19,1,1,1,1,1,1,1,1
454,8,1,1,1,1,1,1,1,1
455,37,1,1,1,1,1,1,1,1
456,19,1,1,1,1,1,1,1,1
457,13,1,1,1,1,1,1,1,1
458,7,1,1,1,1,1,1,1,1
459,28,1,1,1,1,1,1,1,1
460,1,1,1,1,1,1,1,1,1
461,4,1,1,1,1,1,1,1,1
462,32,1,1,1,1,1,1,1,1
463,34,1,1,1,1,1,1,1,1
464,21,1,1,1,1,1,1,1,1
465,37,1,1,1,1,1,1,1,1
466,13,1,1,1,1,1,1,1,1
467,36,1,1,1,1,1,1,1,1
468,30,1,1,1,1,1,1,1,1
469,28,1,1,1,1,1,1,1,1
470,8,1,1,1,1,1,1,1,1
471,21,1,1,1,1,1,1,1,1
472,31,1,1,1,1,1,1,1,1
473,26,1,1,1,1,1,1,1,1
474,6,1,1,1,1,1,1,1,1
475,21,1,1,1,1,1,1,1,1
476,6,1,1,1,1,1,1,1,1
477,22,1,1,1,1,1,1,1,1
478,33,1,1,1,1,1,1,1,1
479,3,1,1,1,1,1,1,1,1
480,2,1,1,1,1,1,1,1,1
481,19,1,1,1,1,1,1,1,1
482,35,1,1,1,1,1,1,1,1
483,6,1,1,1,1,1,1,1,1
484,12,1,1,1,1,1,1,1,1
485,11,1,1,1,1,1,1,1,1
486,22,1,1,1,1,1,1,1,1
487,14,1,1,1,1,1,1,1,1
488,25,1,1,1,1,1,1,1,1
489,18,1,1,1,1,1,1,1,1
490,5,1,1,1,1,1,1,1,1
491,23,1,1,1,1,1,1,1,1
492,1,1,1,1,1,1,1,1,1
493,12,1,1,1,1,1,1,1,1
494,23,1,1,1,1,1,1,1,1
495,12,1,1,1,1,1,1,1,1
496,32,1,1,1,1,1,1,1,1
497,24,1,1,1,1,1,1,1,1
498,16,1,1,1,1,1,1,1,1
499,35,1,1,1,1,1,1,1,1
500,19,1,1,1,1,1,1,1,1
501,21,1,1,1,1,1,1,1,1
502,32,1,1,1,1,1,1,1,1
503,31,1,1,1,1,1,1,1,1
504,16,1,1,1,1,1,1,1,1
505,4,1,1,1,1,1,1,1,1
506,15,1,1,1,1,1,1,1,1
507,12,1,1,1,1,1,1,1,1
508,21,1,1,1,1,1,1,1,1
509,3,1,1,1,1,1,1,1,1
510,4,1,1,1,1,1,1,1,1
511,19,1,1,1,1,1,1,1,1
512,3,1,1,1,1,1,1,1,1
513,17,1,1,1,1,1,1,1,1
514,7,1,1,1,1,1,1,1,1
515,35,1,1,1,1,1,1,1,1
516,3,1,1,1,1,1,1,1,1
517,21,1,1,1,1,1,1,1,1
518,18,1,1,1,1,1,1,1,1
519,17,1,1,1,1,1,1,1,1
520,11,1,1,1,1,1,1,1,1
521,27,1,1,1,1,1,1,1,1
522,15,1,1,1,1,1,1,1,1
523,7,1,1,1,1,1,1,1,1
524,32,1,1,1,1,1,1,1,1
525,7,1,1,1,1,1,1,1,1
526,18,1,1,1,1,1,1,1,1
527,13,1,1,1,1,1,1,1,1
528,19,1,1,1,1,1,1,1,1
529,2,1,1,1,1,1,1,1,1
530,27,1,1,1,1,1,1,1,1
531,20,1,1,1,1,1,1,1,1
532,12,1,1,1,1,1,1,1,1
533,7,1,1,1,1,1,1,1,1
534,16,1,1,1,1,1,1,1,1
535,35,1,1,1,1,1,1,1,1
536,35,1,1,1,1,1,1,1,1
537,11,1,1,1,1,1,1,1,1
538,16,1,1,1,1,1,1,1,1
539,25,1,1,1,1,1,1,1,1
540,32,1,1,1,1,1,1,1,1
541,11,1,1,1,1,1,1,1,1
542,36,1,1,1,1,1,1,1,1
543,19,1,1,1,1,1,1,1,1
544,22,1,1,1,1,1,1,1,1
545,20,1,1,1,1,1,1,1,1
546,28,1,1,1,1,1,1,1,1
547,21,1,1,1,1,1,1,1,1
548,37,1,1,1,1,1,1,1,1
549,28,1,1,1,1,1,1,1,1
550,23,1,1,1,1,1,1,1,1
551,33,1,1,1,1,1,1,1,1
552,13,1,1,1,1,1,1,1,1
553,6,1,1,1,1,1,1,1,1
554,3,1,1,1,1,1,1,1,1
555,7,1,1,1,1,1,1,1,1
556,27,1,1,1,1,1,1,1,1
557,13,1,1,1,1,1,1,1,1
558,16,1,1,1,1,1,1,1,1
559,21,1,1,1,1,1,1,1,1
560,8,1,1,1,1,1,1,1,1
561,14,1,1,1,1,1,1,1,1
562,25,1,1,1,1,1,1,1,1
563,23,1,1,1,1,1,1,1,1
564,7,1,1,1,1,1,1,1,1
565,6,1,1,1,1,1,1,1,1
566,31,1,1,1,1,1,1,1,1
567,24,1,1,1,1,1,1,1,1
568,15,1,1,1,1,1,1,1,1
569,29,1,1,1,1,1,1,1,1
570,10,1,1,1,1,1,1,1,1
571,21,1,1,1,1,1,1,1,1
572,14,1,1,1,1,1,1,1,1
573,7,1,1,1,1,1,1,1,1
574,23,1,1,1,1,1,1,1,1
575,25,1,1,1,1,1,1,1,1
576,6,1,1,1,1,1,1,1,1
577,29,1,1,1,1,1,1,1,1
578,11,1,1,1,1,1,1,1,1
579,33,1,1,1,1,1,1,1,1
580,35,1,1,1,1,1,1,1,1
581,32,1,1,1,1,1,1,1,1
582,36,1,1,1,1,1,1,1,1
583,22,1,1,1,1,1,1,1,1
584,15,1,1,1,1,1,1,1,1
585,1,1,1,1,1,1,1,1,1
586,30,1,1,1,1,1,1,1,1
587,2,1,1,1,1,1,1,1,1
588,32,1,1,1,1,1,1,1,1
589,1,1,1,1,1,1,1,1,1
590,27,1,1,1,1,1,1,1,1
591,31,1,1,1,1,1,1,1,1
592,24,1,1,1,1,1,1,1,1
593,23,1,1,1,1,1,1,1,1
594,10,1,1,1,1,1,1,1,1
595,5,1,1,1,1,1,1,1,1
596,11,1,1,1,1,1,1,1,1
597,18,1,1,1,1,1,1,1,1
598,21,1,1,1,1,1,1,1,1
599,14,1,1,1,1,1,1,1,1
600,7,1,1,1,1,1,1,1,1
601,28,1,1,1,1,1,1,1,1
602,14,1,1,1,1,1,1,1,1
603,35,1,1,1,1,1,1,1,1
604,31,1,1,1,1,1,1,1,1
605,33,1,1,1,1,1,1,1,1
606,11,1,1,1,1,1,1,1,1
607,6,1,1,1,1,1,1,1,1
608,29,1,1,1,1,1,1,1,1
609,32,1,1,1,1,1,1,1,1
610,7,1,1,1,1,1,1,1,1
611,6,1,1,1,1,1,1,1,1
612,16,1,1,1,1,1,1,1,1
613,16,1,1,1,1,1,1,1,1
614,13,1,1,1,1,1,1,1,1
615,15,1,1,1,1,1,1,1,1
616,37,1,1,1,1,1,1,1,1
617,14,1,1,1,1,1,1,1,1
618,31,1,1,1,1,1,1,1,1
619,31,1,1,1,1,1,1,1,1
620,17,1,1,1,1,1,1,1,1
621,11,1,1,1,1,1,1,1,1
622,31,1,1,1,1,1,1,1,1
623,17,1,1,1,1,1,1,1,1
624,6,1,1,1,1,1,1,1,1
625,20,1,1,1,1,1,1,1,1
626,25,1,1,1,1,1,1,1,1
627,13,1,1,1,1,1,1,1,1
628,10,1,1,1,1,1,1,1,1
629,14,1,1,1,1,1,1,1,1
630,8,1,1,1,1,1,1,1,1
631,13,1,1,1,1,1,1,1,1
632,10,1,1,1,1,1,1,1,1
633,9,1,1,1,1,1,1,1,1
634,22,1,1,1,1,1,1,1,1
635,26,1,1,1,1,1,1,1,1
636,2,1,1,1,1,1,1,1,1
637,3,1,1,1,1,1,1,1,1
638,19,1,1,1,1,1,1,1,1
639,16,1,1,1,1,1,1,1,1
640,5,1,1,1,1,1,1,1,1
641,3,1,1,1,1,1,1,1,1
642,5,1,1,1,1,1,1,1,1
643,17,1,1,1,1,1,1,1,1
644,10,1,1,1,1,1,1,1,1
645,7,1,1,1,1,1,1,1,1
646,14,1,1,1,1,1,1,1,1
647,13,1,1,1,1,1,1,1,1
648,31,1,1,1,1,1,1,1,1
649,4,1,1,1,1,1,1,1,1
650,28,1,1,1,1,1,1,1,1
651,12,1,1,1,1,1,1,1,1
652,35,1,1,1,1,1,1,1,1
653,5,1,1,1,1,1,1,1,1
654,33,1,1,1,1,1,1,1,1
655,20,1,1,1,1,1,1,1,1
656,19,1,1,1,1,1,1,1,1
657,28,1,1,1,1,1,1,1,1
658,12,1,1,1,1,1,1,1,1
659,29,1,1,1,1,1,1,1,1
660,28,1,1,1,1,1,1,1,1
661,25,1,1,1,1,1,1,1,1
662,13,1,1,1,1,1,1,1,1
663,31,1,1,1,1,1,1,1,1
664,15,1,1,1,1,1,1,1,1
665,24,1,1,1,1,1,1,1,1
666,34,1,1,1,1,1,1,1,1
667,24,1,1,1,1,1,1,1,1
668,6,1,1,1,1,1,1,1,1
669,18,1,1,1,1,1,1,1,1
670,21,1,1,1,1,1,1,1,1
671,21,1,1,1,1,1,1,1,1
672,7,1,1,1,1,1,1,1,1
673,17,1,1,1,1,1,1,1,1
674,25,1,1,1,1,1,1,1,1
675,8,1,1,1,1,1,1,1,1
676,37,1,1,1,1,1,1,1,1
677,6,1,1,1,1,1,1,1,1
678,13,1,1,1,1,1,1,1,1
679,18,1,1,1,1,1,1,1,1
680,4,1,1,1,1,1,1,1,1
681,13,1,1,1,1,1,1,1,1
682,7,1,1,1,1,1,1,1,1
683,16,1,1,1,1,1,1,1,1
684,30,1,1,1,1,1,1,1,1
685,35,1,1,1,1,1,1,1,1
686,25,1,1,1,1,1,1,1,1
687,13,1,1,1,1,1,1,1,1
688,14,1,1,1,1,1,1,1,1
689,18,1,1,1,1,1,1,1,1
690,21,1,1,1,1,1,1,1,1
691,13,1,1,1,1,1,1,1,1
692,2,1,1,1,1,1,1,1,1
693,33,1,1,1,1,1,1,1,1
694,1,1,1,1,1,1,1,1,1
695,20,1,1,1,1,1,1,1,1
696,12,1,1,1,1,1,1,1,1
697,37,1,1,1,1,1,1,1,1
698,12,1,1,1,1,1,1,1,1
699,3,1,1,1,1,1,1,1,1
700,34,1,1,1,1,1,1,1,1
701,34,1,1,1,1,1,1,1,1
702,34,1,1,1,1,1,1,1,1
703,6,1,1,1,1,1,1,1,1
704,33,1,1,1,1,1,1,1,1
705,34,1,1,1,1,1,1,1,1
706,4,1,1,1,1,1,1,1,1
707,20,1,1,1,1,1,1,1,1
708,5,1,1,1,1,1,1,1,1
709,20,1,1,1,1,1,1,1,1
710,35,1,1,1,1,1,1,1,1
711,2,1,1,1,1,1,1,1,1
712,29,1,1,1,1,1,1,1,1
713,18,1,1,1,1,1,1,1,1
714,17,1,1,1,1,1,1,1,1
715,21,1,1,1,1,1,1,1,1
716,25,1,1,1,1,1,1,1,1
717,8,1,1,1,1,1,1,1,1
718,7,1,1,1,1,1,1,1,1
719,18,1,1,1,1,1,1,1,1
720,29,1,1,1,1,1,1,1,1
721,15,1,1,1,1,1,1,1,1
722,2,1,1,1,1,1,1,1,1
723,3,1,1,1,1,1,1,1,1
724,8,1,1,1,1,1,1,1,1
725,31,1,1,1,1,1,1,1,1
726,22,1,1,1,1,1,1,1,1
727,9,1,1,1,1,1,1,1,1
728,34,1,1,1,1,1,1,1,1
729,14,1,1,1,1,1,1,1,1
730,6,1,1,1,1,1,1,1,1
731,13,1,1,1,1,1,1,1,1
732,17,1,1,1,1,1,1,1,1
733,21,1,1,1,1,1,1,1,1
734,26,1,1,1,1,1,1,1,1
735,8,1,1,1,1,1,1,1,1
736,8,1,1,1,1,1,1,1,1
737,10,1,1,1,1,1,1,1,1
738,34,1,1,1,1,1,1,1,1
739,17,1,1,1,1,1,1,1,1
740,36,1,1,1,1,1,1,1,1
741,30,1,1,1,1,1,1,1,1
742,10,1,1,1,1,1,1,1,1
743,19,1,1,1,1,1,1,1,1
744,7,1,1,1,1,1,1,1,1
745,10,1,1,1,1,1,1,1,1
746,16,1,1,1,1,1,1,1,1
747,35,1,1,1,1,1,1,1,1
748,11,1,1,1,1,1,1,1,1
749,25,1,1,1,1,1,1,1,1
750,30,1,1,1,1,1,1,1,1
751,9,1,1,1,1,1,1,1,1
752,12,1,1,1,1,1,1,1,1
753,13,1,1,1,1,1,1,1,1
754,4,1,1,1,1,1,1,1,1
755,7,1,1,1,1,1,1,1,1
756,26,1,1,1,1,1,1,1,1
757,9,1,1,1,1,1,1,1,1
758,18,1,1,1,1,1,1,1,1
759,35,1,1,1,1,1,1,1,1
760,26,1,1,1,1,1,1,1,1
761,20,1,1,1,1,1,1,1,1
762,23,1,1,1,1,1,1,1,1
763,18,1,1,1,1,1,1,1,1
764,2,1,1,1,1,1,1,1,1
765,27,1,1,1,1,1,1,1,1
766,12,1,1,1,1,1,1,1,1
767,15,1,1,1,1,1,1,1,1
768,23,1,1,1,1,1,1,1,1
769,31,1,1,1,1,1,1,1,1
770,1,1,1,1,1,1,1,1,1
771,13,1,1,1,1,1,1,1,1
772,32,1,1,1,1,1,1,1,1
773,7,1,1,1,1,1,1,1,1
774,5,1,1,1,1,1,1,1,1
775,11,1,1,1,1,1,1,1,1
776,3,1,1,1,1,1,1,1,1
777,2,1,1,1,1,1,1,1,1
778,36,1,1,1,1,1,1,1,1
779,27,1,1,1,1,1,1,1,1
780,18,1,1,1,1,1,1,1,1
781,26,1,1,1,1,1,1,1,1
782,29,1,1,1,1,1,1,1,1
783,29,1,1,1,1,1,1,1,1
784,2,1,1,1,1,1,1,1,1
785,17,1,1,1,1,1,1,1,1
786,34,1,1,1,1,1,1,1,1
787,7,1,1,1,1,1,1,1,1
788,12,1,1,1,1,1,1,1,1
789,4,1,1,1,1,1,1,1,1
790,18,1,1,1,1,1,1,1,1
791,33,1,1,1,1,1,1,1,1
792,21,1,1,1,1,1,1,1,1
793,3,1,1,1,1,1,1,1,1
794,15,1,1,1,1,1,1,1,1
795,19,1,1,1,1,1,1,1,1
796,35,1,1,1,1,1,1,1,1
797,9,1,1,1,1,1,1,1,1
798,20,1,1,1,1,1,1,1,1
799,23,1,1,1,1,1,1,1,1
800,37,1,1,1,1,1,1,1,1
801,9,1,1,1,1,1,1,1,1
802,3,1,1,1,1,1,1,1,1
803,2,1,1,1,1,1,1,1,1
804,14,1,1,1,1,1,1,1,1
805,11,1,1,1,1,1,1,1,1
806,5,1,1,1,1,1,1,1,1
807,26,1,1,1,1,1,1,1,1
808,18,1,1,1,1,1,1,1,1
809,19,1,1,1,1,1,1,1,1
810,28,1,1,1,1,1,1,1,1
811,16,1,1,1,1,1,1,1,1
812,37,1,1,1,1,1,1,1,1
813,17,1,1,1,1,1,1,1,1
814,25,1,1,1,1,1,1,1,1
815,20,1,1,1,1,1,1,1,1
816,18,1,1,1,1,1,1,1,1
817,26,1,1,1,1,1,1,1,1
818,20,1,1,1,1,1,1,1,1
819,25,1,1,1,1,1,1,1,1
820,19,1,1,1,1,1,1,1,1
821,20,1,1,1,1,1,1,1,1
822,25,1,1,1,1,1,1,1,1
823,14,1,1,1,1,1,1,1,1
824,9,1,1,1,1,1,1,1,1
825,17,1,1,1,1,1,1,1,1
826,31,1,1,1,1,1,1,1,1
827,11,1,1,1,1,1,1,1,1
828,22,1,1,1,1,1,1,1,1
829,24,1,1,1,1,1,1,1,1
830,19,1,1,1,1,1,1,1,1
831,7,1,1,1,1,1,1,1,1
832,31,1,1,1,1,1,1,1,1
833,14,1,1,1,1,1,1,1,1
834,12,1,1,1,1,1,1,1,1
835,19,1,1,1,1,1,1,1,1
836,3,1,1,1,1,1,1,1,1
837,5,1,1,1,1,1,1,1,1
838,28,1,1,1,1,1,1,1,1
839,10,1,1,1,1,1,1,1,1
840,23,1,1,1,1,1,1,1,1
841,6,1,1,1,1,1,1,1,1
842,27,1,1,1,1,1,1,1,1
843,35,1,1,1,1,1,1,1,1
844,9,1,1,1,1,1,1,1,1
845,12,1,1,1,1,1,1,1,1
846,33,1,1,1,1,1,1,1,1
847,18,1,1,1,1,1,1,1,1
848,9,1,1,1,1,1,1,1,1
849,14,1,1,1,1,1,1,1,1
850,11,1,1,1,1,1,1,1,1
851,18,1,1,1,1,1,1,1,1
852,9,1,1,1,1,1,1,1,1
853,24,1,1,1,1,1,1,1,1
854,33,1,1,1,1,1,1,1,1
855,27,1,1,1,1,1,1,1,1
856,9,1,1,1,1,1,1,1,1
857,23,1,1,1,1,1,1,1,1
858,1,1,1,1,1,1,1,1,1
859,15,1,1,1,1,1,1,1,1
860,15,1,1,1,1,1,1,1,1
861,28,1,1,1,1,1,1,1,1
862,17,1,1,1,1,1,1,1,1
863,2,1,1,1,1,1,1,1,1
864,5,1,1,1,1,1,1,1,1
865,10,1,1,1,1,1,1,1,1
866,17,1,1,1,1,1,1,1,1
867,35,1,1,1,1,1,1,1,1
868,28,1,1,1,1,1,1,1,1
869,23,1,1,1,1,1,1,1,1
870,8,1,1,1,1,1,1,1,1
871,10,1,1,1,1,1,1,1,1
872,37,1,1,1,1,1,1,1,1
873,25,1,1,1,1,1,1,1,1
874,22,1,1,1,1,1,1,1,1
875,32,1,1,1,1,1,1,1,1
876,20,1,1,1,1,1,1,1,1
877,31,1,1,1,1,1,1,1,1
878,14,1,1,1,1,1,1,1,1
879,32,1,1,1,1,1,1,1,1
880,17,1,1,1,1,1,1,1,1
881,14,1,1,1,1,1,1,1,1
882,18,1,1,1,1,1,1,1,1
883,10,1,1,1,1,1,1,1,1
884,32,1,1,1,1,1,1,1,1
885,29,1,1,1,1,1,1,1,1
886,5,1,1,1,1,1,1,1,1
887,2,1,1,1,1,1,1,1,1
888,35,1,1,1,1,1,1,1,1
889,21,1,1,1,1,1,1,1,1
890,9,1,1,1,1,1,1,1,1
891,17,1,1,1,1,1,1,1,1
892,36,1,1,1,1,1,1,1,1
893,1,1,1,1,1,1,1,1,1
894,6,1,1,1,1,1,1,1,1
895,12,1,1,1,1,1,1,1,1
896,13,1,1,1,1,1,1,1,1
897,19,1,1,1,1,1,1,1,1
898,28,1,1,1,1,1,1,1,1
899,16,1,1,1,1,1,1,1,1
900,29,1,1,1,1,1,1,1,1
901,11,1,1,1,1,1,1,1,1
902,31,1,1,1,1,1,1,1,1
903,32,1,1,1,1,1,1,1,1
904,33,1,1,1,1,1,1,1,1
905,10,1,1,1,1,1,1,1,1
906,2,1,1,1,1,1,1,1,1
907,10,1,1,1,1,1,1,1,1
908,18,1,1,1,1,1,1,1,1
909,10,1,1,1,1,1,1,1,1
910,20,1,1,1,1,1,1,1,1
911,31,1,1,1,1,1,1,1,1
912,1,1,1,1,1,1,1,1,1
913,35,1,1,1,1,1,1,1,1
914,11,1,1,1,1,1,1,1,1
915,24,1,1,1,1,1,1,1,1
916,3,1,1,1,1,1,1,1,1
917,6,1,1,1,1,1,1,1,1
918,30,1,1,1,1,1,1,1,1
919,18,1,1,1,1,1,1,1,1
920,12,1,1,1,1,1,1,1,1
921,18,1,1,1,1,1,1,1,1
922,37,1,1,1,1,1,1,1,1
923,35,1,1,1,1,1,1,1,1
924,13,1,1,1,1,1,1,1,1
925,24,1,1,1,1,1,1,1,1
926,25,1,1,1,1,1,1,1,1
927,37,1,1,1,1,1,1,1,1
928,2,1,1,1,1,1,1,1,1
929,30,1,1,1,1,1,1,1,1
930,15,1,1,1,1,1,1,1,1
931,34,1,1,1,1,1,1,1,1
932,13,1,1,1,1,1,1,1,1
933,31,1,1,1,1,1,1,1,1
934,9,1,1,1,1,1,1,1,1
935,35,1,1,1,1,1,1,1,1
936,18,1,1,1,1,1,1,1,1
937,22,1,1,1,1,1,1,1,1
938,21,1,1,1,1,1,1,1,1
939,9,1,1,1,1,1,1,1,1
940,13,1,1,1,1,1,1,1,1
941,24,1,1,1,1,1,1,1,1
942,10,1,1,1,1,1,1,1,1
943,18,1,1,1,1,1,1,1,1
944,29,1,1,1,1,1,1,1,1
945,6,1,1,1,1,1,1,1,1
946,31,1,1,1,1,1,1,1,1
947,31,1,1,1,1,1,1,1,1
948,15,1,1,1,1,1,1,1,1
949,6,1,1,1,1,1,1,1,1
950,36,1,1,1,1,1,1,1,1
951,19,1,1,1,1,1,1,1,1
952,26,1,1,1,1,1,1,1,1
953,37,1,1,1,1,1,1,1,1
954,1,1,1,1,1,1,1,1,1
955,18,1,1,1,1,1,1,1,1
956,32,1,1,1,1,1,1,1,1
957,23,1,1,1,1,1,1,1,1
958,35,1,1,1,1,1,1,1,1
959,14,1,1,1,1,1,1,1,1
960,8,1,1,1,1,1,1,1,1
961,21,1,1,1,1,1,1,1,1
962,12,1,1,1,1,1,1,1,1
963,17,1,1,1,1,1,1,1,1
964,8,1,1,1,1,1,1,1,1
965,12,1,1,1,1,1,1,1,1
966,25,1,1,1,1,1,1,1,1
967,11,1,1,1,1,1,1,1,1
968,36,1,1,1,1,1,1,1,1
969,20,1,1,1,1,1,1,1,1
970,36,1,1,1,1,1,1,1,1
971,15,1,1,1,1,1,1,1,1
972,13,1,1,1,1,1,1,1,1
973,27,1,1,1,1,1,1,1,1
974,19,1,1,1,1,1,1,1,1
975,22,1,1,1,1,1,1,1,1
976,35,1,1,1,1,1,1,1,1
977,1,1,1,1,1,1,1,1,1
978,14,1,1,1,1,1,1,1,1
979,36,1,1,1,1,1,1,1,1
980,20,1,1,1,1,1,1,1,1
981,5,1,1,1,1,1,1,1,1
982,4,1,1,1,1,1,1,1,1
983,1,1,1,1,1,1,1,1,1
984,27,1,1,1,1,1,0,0,0
985,15,1,1,1,1,1,0,0,0
986,31,1,1,1,1,1,0,0,0
987,25,1,1,1,1,1,0,0,0
988,15,1,1,1,1,1,0,0,0
989,1,1,1,1,1,1,0,0,0
990,37,1,1,1,1,1,0,0,0
991,22,1,1,1,1,1,0,0,0
992,6,1,1,1,1,1,0,0,0
993,8,1,1,1,1,1,0,0,0
994,8,1,1,1,1,1,0,0,0
995,16,1,1,1,1,1,0,0,0
996,29,1,1,1,1,1,0,0,0
997,36,1,1,1,1,1,0,0,0
998,2,1,1,1,1,1,0,0,0
999,33,1,1,1,1,1,0,0,0
1000,31,1,1,1,1,1,0,0,0
1001,30,1,1,1,1,1,0,0,0
1002,5,1,1,1,1,1,0,0,0
1003,16,1,1,1,1,1,0,0,0
1004,27,1,1,1,1,1,0,0,0
1005,5,1,1,1,1,1,0,0,0
1006,33,1,1,1,1,1,0,0,0
1007,29,1,1,1,1,1,0,0,0
1008,10,1,1,1,1,1,0,0,0
1009,2,1,1,1,1,1,0,0,0
1010,1,1,1,1,1,1,0,0,0
1011,4,1,1,1,1,1,0,0,0
1012,25,1,1,1,1,1,0,0,0
1013,1,1,1,1,1,1,0,0,0
1014,9,1,1,1,1,1,0,0,0
1015,5,1,1,1,1,1,0,0,0
1016,27,1,1,1,1,1,0,0,0
1017,14,1,1,1,1,1,0,0,0
1018,21,1,1,1,1,1,0,0,0
1019,32,1,1,1,1,1,0,0,0
1020,17,1,1,1,1,1,0,0,0
1021,13,1,1,1,1,1,0,0,0
1022,17,1,1,1,1,1,0,0,0
1023,19,1,1,1,1,1,0,0,0
1024,6,1,1,1,1,1,0,0,0
1025,12,1,1,1,1,1,0,0,0
1026,34,1,1,1,1,1,0,0,0
1027,3,1,1,1,1,1,0,0,0
1028,8,1,1,1,1,1,0,0,0
1029,27,1,1,1,1,1,0,0,0
1030,30,1,1,1,1,1,0,0,0
1031,14,1,1,1,1,1,0,0,0
1032,23,1,1,1,1,1,0,0,0
1033,15,1,1,1,1,1,0,0,0
1034,2,1,1,1,1,1,0,0,0
1035,35,1,1,1,1,1,0,0,0
1036,7,1,1,1,1,1,0,0,0
1037,23,1,1,1,1,1,0,0,0
1038,4,1,1,1,1,1,0,0,0
1039,18,1,1,1,1,1,0,0,0
1040,37,1,1,1,1,1,0,0,0
1041,12,1,1,1,1,1,0,0,0
1042,6,1,1,1,1,1,0,0,0
1043,23,1,1,1,1,1,0,0,0
1044,3,1,1,1,1,1,0,0,0
1045,17,1,1,1,1,1,0,0,0
1046,4,1,1,1,1,1,0,0,0
1047,1,1,1,1,1,1,0,0,0
1048,35,1,1,1,1,1,0,0,0
1049,16,1,1,1,1,1,0,0,0
1050,7,1,1,1,1,1,0,0,0
1051,20,1,1,1,1,1,0,0,0
1052,3,1,1,1,1,1,0,0,0
1053,33,1,1,1,1,1,0,0,0
1054,16,1,1,1,1,1,0,0,0
1055,27,1,1,1,1,1,0,0,0
1056,1,1,1,1,1,1,0,0,0
1057,36,1,1,1,1,1,0,0,0
1058,6,1,1,1,1,1,0,0,0
1059,19,1,1,1,1,1,0,0,0
1060,35,1,1,1,1,1,0,0,0
1061,21,1,1,1,1,1,0,0,0
1062,11,1,1,1,1,1,0,0,0
1063,36,1,1,1,1,1,0,0,0
1064,18,1,1,1,1,1,0,0,0
1065,25,1,1,1,1,1,0,0,0
1066,25,1,1,1,1,1,0,0,0
1067,24,1,1,1,1,1,0,0,0
1068,17,1,1,1,1,1,0,0,0
1069,1,1,1,1,1,1,0,0,0
1070,3,1,1,1,1,1,0,0,0
1071,17,1,1,1,1,1,0,0,0
1072,23,1,1,1,1,1,0,0,0
1073,22,1,1,1,1,1,0,0,0
1074,24,1,1,1,1,1,0,0,0
1075,21,1,1,1,1,1,0,0,0
1076,5,1,1,1,1,1,0,0,0
1077,1,1,1,1,1,1,0,0,0
1078,15,1,1,1,1,1,0,0,0
1079,21,1,1,1,1,1,0,0,0
1080,33,1,1,1,1,1,0,0,0
1081,24,1,1,1,1,1,0,0,0
1082,7,1,1,1,1,1,0,0,0
1083,27,1,1,1,1,1,0,0,0
1084,13,1,1,1,1,1,0,0,0
1085,6,1,1,1,1,1,0,0,0
1086,32,1,1,1,1,1,0,0,0
1087,21,1,1,1,1,1,0,0,0
1088,16,1,1,1,1,1,0,0,0
1089,18,1,1,1,1,1,0,0,0
1090,25,1,1,1,1,1,0,0,0
1091,24,1,1,1,1,1,0,0,0
1092,19,1,1,1,1,1,0,0,0
1093,33,1,1,1,1,1,0,0,0
1094,37,1,1,1,1,1,0,0,0
1095,1,1,1,1,1,1,0,0,0
1096,1,1,1,1,1,1,0,0,0
1097,21,1,1,1,1,1,0,0,0
1098,34,1,1,1,1,1,0,0,0
1099,27,1,1,1,1,1,0,0,0
1100,22,1,1,1,1,1,0,0,0
1101,37,1,1,1,1,1,0,0,0
1102,31,1,1,1,1,1,0,0,0
1103,28,1,1,1,1,1,0,0,0
1104,7,1,1,1,1,1,0,0,0
1105,22,1,1,1,1,1,0,0,0
1106,22,1,1,1,1,1,0,0,0
1107,32,1,1,1,1,1,0,0,0
1108,27,1,1,1,1,1,0,0,0
1109,29,1,1,1,1,1,0,0,0
1110,23,1,1,1,1,1,0,0,0
1111,20,1,1,1,1,1,0,0,0
1112,32,1,1,1,1,1,0,0,0
1113,33,1,1,1,1,1,0,0,0
1114,10,1,1,1,1,1,0,0,0
1115,13,1,1,1,1,1,0,0,0
1116,34,1,1,1,1,1,0,0,0
1117,1,1,1,1,1,1,0,0,0
1118,37,1,1,1,1,1,0,0,0
1119,1,1,1,1,1,1,0,0,0
1120,36,1,1,1,1,1,0,0,0
1121,5,1,1,1,1,0,1,0,0
1122,31,1,1,1,1,0,1,0,0
1123,8,1,1,1,1,0,1,0,0
1124,6,1,1,1,1,0,1,0,0
1125,25,1,1,1,1,0,1,0,0
1126,27,1,1,1,1,0,1,0,0
1127,25,1,1,1,1,0,1,0,0
1128,35,1,1,1,1,0,1,0,0
1129,7,1,1,1,1,0,1,0,0
1130,36,1,1,1,1,0,1,0,0
1131,31,1,1,1,1,0,1,0,0
1132,16,1,1,1,1,0,1,0,0
1133,4,1,1,1,1,0,1,0,0
1134,4,1,1,1,1,0,1,0,0
1135,3,1,1,1,1,0,1,0,0
1136,36,1,1,1,1,0,1,0,0
1137,10,1,1,1,1,0,1,0,0
1138,11,1,1,1,1,0,1,0,0
1139,34,1,1,1,1,0,1,0,0
1140,5,1,1,1,1,0,1,0,0
1141,4,1,1,1,1,0,1,0,0
1142,4,1,1,1,1,0,1,0,0
1143,5,1,1,1,1,0,1,0,0
1144,18,1,1,1,1,0,1,0,0
1145,4,1,1,1,1,0,1,0,0
1146,33,1,1,1,1,0,1,0,0
1147,29,1,1,1,1,0,1,0,0
1148,21,1,1,1,1,0,1,0,0
1149,1,1,1,1,1,0,1,0,0
1150,33,1,1,1,1,0,1,0,0
1151,9,1,1,1,1,0,1,0,0
1152,35,1,1,1,1,0,1,0,0
1153,9,1,1,1,1,0,1,0,0
1154,6,1,1,1,1,0,1,0,0
1155,11,1,1,1,1,0,1,0,0
1156,31,1,1,1,1,0,1,0,0
1157,6,1,1,1,1,0,1,0,0
1158,36,1,1,1,1,0,1,0,0
1159,24,1,1,1,1,0,1,0,0
1160,32,1,1,1,1,0,1,0,0
1161,20,1,1,1,1,0,1,0,0
1162,32,1,1,1,1,0,1,0,0
1163,34,1,1,1,1,0,1,0,0
1164,28,1,1,1,1,0,1,0,0
1165,16,1,1,1,1,0,1,0,0
1166,24,1,1,1,1,0,1,0,0
1167,28,1,1,1,1,0,1,0,0
1168,10,1,1,1,1,0,1,0,0
1169,11,1,1,1,1,0,1,0,0
1170,9,1,1,1,1,0,1,0,0
1171,23,1,1,1,1,0,1,0,0
1172,20,1,1,1,1,0,1,0,0
1173,21,1,1,1,1,0,1,0,0
1174,23,1,1,1,1,0,1,0,0
1175,1,1,1,1,1,0,1,0,0
1176,8,1,1,1,1,0,1,0,0
1177,10,1,1,1,1,0,1,0,0
1178,35,1,1,1,1,0,1,0,0
1179,19,1,1,1,1,0,1,0,0
1180,19,1,1,1,1,0,1,0,0
1181,17,1,1,1,1,0,1,0,0
1182,11,1,1,1,1,0,1,0,0
1183,26,1,1,1,1,0,1,0,0
1184,36,1,1,1,1,0,1,0,0
1185,19,1,1,1,1,0,1,0,0
1186,2,1,1,1,1,0,1,0,0
1187,16,1,1,1,1,0,1,0,0
1188,9,1,1,1,1,0,1,0,0
1189,22,1,1,1,1,0,1,0,0
1190,21,1,1,1,1,0,1,0,0
1191,34,1,1,1,1,0,1,0,0
1192,31,1,1,1,1,0,1,0,0
1193,17,1,1,1,1,0,1,0,0
1194,36,1,1,1,1,0,1,0,0
1195,8,1,1,1,1,0,1,0,0
1196,14,1,1,1,1,0,1,0,0
1197,20,1,1,1,1,0,1,0,0
1198,22,1,1,1,1,0,1,0,0
1199,15,1,1,1,1,0,1,0,0
1200,30,1,1,1,1,0,1,0,0
1201,1,1,1,1,1,0,1,0,0
1202,4,1,1,1,1,0,1,0,0
1203,17,1,1,1,1,0,1,0,0
1204,22,1,1,1,1,0,1,0,0
1205,24,1,1,1,1,0,1,0,0
1206,25,1,1,1,1,0,1,0,0
1207,3,1,1,1,1,0,1,0,0
1208,4,1,1,1,1,0,1,0,0
1209,10,1,1,1,1,0,1,0,0
1210,21,1,1,1,1,0,1,0,0
1211,1,1,1,1,1,0,1,0,0
1212,2,1,1,1,1,0,1,0,0
1213,25,1,1,1,1,0,1,0,0
1214,21,1,1,1,1,0,1,0,0
1215,8,1,1,1,1,0,1,0,0
1216,27,1,1,1,1,0,1,0,0
1217,9,1,1,1,1,0,1,0,0
1218,9,1,1,1,1,0,1,0,0
1219,23,1,1,1,1,0,1,0,0
1220,34,1,1,1,1,0,1,0,0
1221,17,1,1,1,1,0,1,0,0
1222,35,1,1,1,1,0,1,0,0
1223,22,1,1,1,1,0,1,0,0
1224,36,1,1,1,1,0,1,0,0
1225,34,1,1,1,1,0,1,0,0
1226,2,1,1,1,1,0,1,0,0
1227,37,1,1,1,1,0,1,0,0
1228,21,1,1,1,1,0,1,0,0
1229,26,1,1,1,1,0,1,0,0
1230,34,1,1,1,1,0,1,0,0
1231,3,1,1,1,1,0,1,0,0
1232,31,1,1,1,1,0,1,0,0
1233,12,1,1,1,1,0,1,0,0
1234,20,1,1,1,1,0,1,0,0
1235,8,1,1,1,1,0,1,0,0
1236,22,1,1,1,1,0,1,0,0
1237,1,1,1,1,1,0,1,0,0
1238,24,1,1,1,1,0,1,0,0
1239,9,1,1,1,1,0,1,0,0
1240,30,1,1,1,1,0,1,0,0
1241,37,1,1,1,1,0,1,0,0
1242,23,1,1,1,1,0,1,0,0
1243,2,1,1,1,1,0,1,0,0
1244,37,1,1,1,1,0,1,0,0
1245,9,1,1,1,1,0,1,0,0
1246,6,1,1,1,1,0,1,0,0
1247,11,1,1,1,1,0,1,0,0
1248,27,1,1,1,1,0,1,0,0
1249,21,1,1,1,1,0,1,0,0
1250,17,1,1,1,1,0,1,0,0
1251,32,1,1,1,1,0,1,0,0
1252,4,1,1,1,1,0,1,0,0
1253,27,1,1,1,1,0,1,0,0
1254,27,1,1,1,1,0,1,0,0
1255,27,1,1,1,1,0,1,0,0
1256,6,1,1,1,1,0,1,0,0
1257,31,1,1,1,1,0,1,0,0
1258,17,1,1,1,1,0,1,0,0
1259,5,1,1,1,1,0,1,0,0
1260,13,1,1,1,1,0,1,0,0
1261,11,1,1,1,1,0,1,0,0
1262,15,1,1,1,1,0,1,0,0
1263,10,1,1,1,1,0,1,0,0
1264,10,1,1,1,1,0,1,0,0
1265,25,1,1,1,1,0,1,0,0
1266,30,1,1,1,1,0,1,0,0
1267,17,1,1,1,1,0,1,0,0
1268,13,1,1,1,1,0,1,0,0
1269,37,1,1,1,1,0,1,0,0
1270,4,1,1,1,1,0,1,0,0
1271,34,1,1,1,1,0,1,0,0
1272,3,1,1,1,1,0,1,0,0
1273,13,1,1,1,1,0,1,0,0
1274,21,1,1,1,1,0,1,0,0
1275,4,1,1,1,1,0,1,0,0
1276,24,1,1,1,1,0,1,0,0
1277,1,1,1,1,1,0,1,0,0
1278,26,1,1,1,0,0,0,0,0
1279,27,1,1,1,0,0,0,0,0
1280,7,1,1,1,0,0,0,0,0
1281,33,1,1,1,0,0,0,0,0
1282,8,1,1,1,0,0,0,0,0
1283,22,1,1,1,0,0,0,0,0
1284,10,1,1,1,0,0,0,0,0
1285,8,1,1,1,0,0,0,0,0
1286,4,1,1,1,0,0,0,0,0
1287,31,1,1,1,0,0,0,0,0
1288,18,1,1,1,0,0,0,0,0
1289,23,1,1,1,0,0,0,0,0
1290,2,1,1,1,0,0,0,0,0
1291,9,1,1,1,0,0,0,0,0
1292,9,1,1,1,0,0,0,0,0
1293,14,1,1,1,0,0,0,0,0
1294,20,1,1,1,0,0,0,0,0
1295,35,1,1,1,0,0,0,0,0
1296,3,1,1,1,0,0,0,0,0
1297,12,1,1,1,0,0,0,0,0
1298,8,1,1,1,0,0,0,0,0
1299,27,1,1,1,0,0,0,0,0
1300,19,1,1,1,0,0,0,0,0
1301,37,1,1,1,0,0,0,0,0
1302,30,1,1,1,0,0,0,0,0
1303,35,1,1,1,0,0,0,0,0
1304,31,1,1,1,0,0,0,0,0
1305,26,1,1,1,0,0,0,0,0
1306,20,1,1,1,0,0,0,0,0
1307,23,1,1,1,0,0,0,0,0
1308,22,1,1,1,0,0,0,0,0
1309,30,1,1,1,0,0,0,0,0
1310,35,1,1,1,0,0,0,0,0
1311,4,1,1,1,0,0,0,0,0
1312,31,1,1,1,0,0,0,0,0
1313,8,1,1,1,0,0,0,0,0
1314,6,1,1,1,0,0,0,0,0
1315,23,1,1,1,0,0,0,0,0
1316,14,1,1,1,0,0,0,0,0
1317,20,1,1,1,0,0,0,0,0
1318,26,1,1,1,0,0,0,0,0
1319,28,1,1,1,0,0,0,0,0
1320,19,1,1,1,0,0,0,0,0
1321,20,1,1,1,0,0,0,0,0
1322,12,1,1,1,0,0,0,0,0
1323,32,1,1,1,0,0,0,0,0
1324,25,1,1,1,0,0,0,0,0
1325,31,1,1,1,0,0,0,0,0
1326,20,1,1,1,0,0,0,0,0
1327,28,1,1,1,0,0,0,0,0
1328,34,1,1,1,0,0,0,0,0
1329,20,1,1,1,0,0,0,0,0
1330,33,1,1,1,0,0,0,0,0
1331,16,1,1,1,0,0,0,0,0
1332,4,1,1,1,0,0,0,0,0
1333,1,1,1,1,0,0,0,0,0
1334,2,1,1,1,0,0,0,0,0
1335,28,1,1,1,0,0,0,0,0
1336,10,1,1,1,0,0,0,0,0
1337,17,1,1,1,0,0,0,0,0
1338,21,1,1,1,0,0,0,0,0
1339,12,1,1,1,0,0,0,0,0
1340,9,1,1,1,0,0,0,0,0
1341,27,1,1,1,0,0,0,0,0
1342,23,1,1,1,0,0,0,0,0
1343,30,1,1,1,0,0,0,0,0
1344,6,1,1,1,0,0,0,0,0
1345,16,1,1,1,0,0,0,0,0
1346,30,1,1,1,0,0,0,0,0
1347,4,1,1,1,0,0,0,0,0
1348,7,1,1,1,0,0,0,0,0
1349,3,1,1,1,0,0,0,0,0
1350,10,1,1,1,0,0,0,0,0
1351,33,1,1,1,0,0,0,0,0
1352,21,1,1,1,0,0,0,0,0
1353,8,1,1,1,0,0,0,0,0
1354,27,1,1,1,0,0,0,0,0
1355,14,1,1,1,0,0,0,0,0
1356,16,1,1,1,0,0,0,0,0
1357,22,1,1,1,0,0,0,0,0
1358,37,1,1,1,0,0,0,0,0
1359,37,1,1,1,0,0,0,0,0
1360,15,1,1,1,0,0,0,0,0
1361,34,1,1,1,0,0,0,0,0
1362,35,1,1,1,0,0,0,0,0
1363,1,1,1,1,0,0,0,0,0
1364,28,1,1,1,0,0,0,0,0
1365,24,1,1,1,0,0,0,0,0
1366,26,1,1,1,0,0,0,0,0
1367,6,1,1,1,0,0,0,0,0
1368,37,1,1,1,0,0,0,0,0
1369,26,1,1,1,0,0,0,0,0
1370,17,1,1,1,0,0,0,0,0
1371,13,1,1,1,0,0,0,0,0
1372,27,1,1,1,0,0,0,0,0
1373,3,1,1,1,0,0,0,0,0
1374,35,1,1,1,0,0,0,0,0
1375,25,1,1,1,0,0,0,0,0
1376,31,1,1,1,0,0,0,0,0
1377,16,1,1,1,0,0,0,0,0
1378,10,1,1,1,0,0,0,0,0
1379,11,1,1,1,0,0,0,0,0
1380,1,1,1,1,0,0,0,0,0
1381,34,1,1,1,0,0,0,0,0
1382,22,1,1,1,0,0,0,0,0
1383,35,1,1,1,0,0,0,0,0
1384,28,1,1,1,0,0,0,0,0
1385,7,1,1,1,0,0,0,0,0
1386,25,1,1,1,0,0,0,0,0
1387,35,1,1,1,0,0,0,0,0
1388,20,1,1,1,0,0,0,0,0
1389,16,1,1,1,0,0,0,0,0
1390,25,1,1,1,0,0,0,0,0
1391,25,1,1,1,0,0,0,0,0
1392,19,1,1,1,0,0,0,0,0
1393,17,1,1,1,0,0,0,0,0
1394,18,1,1,1,0,0,0,0,0
1395,1,1,1,1,0,0,0,0,0
1396,2,1,1,1,0,0,0,0,0
1397,15,1,1,1,0,0,0,0,0
1398,29,1,1,1,0,0,0,0,0
1399,11,1,1,1,0,0,0,0,0
1400,4,1,1,1,0,0,0,0,0
1401,10,1,1,1,0,0,0,0,0
1402,4,1,1,1,0,0,0,0,0
1403,8,1,1,1,0,0,0,0,0
1404,21,1,1,1,0,0,0,0,0
1405,21,1,1,1,0,0,0,0,0
1406,3,1,1,1,0,0,0,0,0
1407,5,1,1,1,0,0,0,0,0
1408,3,1,1,1,0,0,0,0,0
1409,23,1,1,1,0,0,0,0,0
1410,20,1,1,1,0,0,0,0,0
1411,7,1,1,1,0,0,0,0,0
1412,1,1,1,1,0,0,0,0,0
1413,27,1,1,1,0,0,0,0,0
1414,37,1,1,1,0,0,0,0,0
1415,10,1,1,1,0,0,0,0,0
1416,12,1,1,1,0,0,0,0,0
1417,7,1,1,1,0,0,0,0,0
1418,16,1,1,1,0,0,0,0,0
1419,35,1,1,1,0,0,0,0,0
1420,4,1,1,1,0,0,0,0,0
1421,29,1,1,1,0,0,0,0,0
1422,29,1,1,1,0,0,0,0,0
1423,24,1,1,1,0,0,0,0,0
1424,3,1,1,1,0,0,0,0,0
1425,32,1,1,1,0,0,0,0,0
1426,32,1,1,1,0,0,0,0,0
1427,23,1,1,1,0,0,0,0,0
1428,26,1,1,1,0,0,0,0,0
1429,37,1,1,1,0,0,0,0,0
1430,21,1,1,1,0,0,0,0,0
1431,35,1,1,1,0,0,0,0,0
1432,14,1,1,1,0,0,0,0,0
1433,4,1,1,1,0,0,0,0,0
1434,2,1,1,1,0,0,0,0,0
1435,10,1,1,1,0,0,0,0,0
1436,27,1,1,1,0,0,0,0,0
1437,1,1,1,1,0,0,0,0,0
1438,34,1,1,1,0,0,0,0,0
1439,32,1,1,1,0,0,0,0,0
1440,33,1,1,1,0,0,0,0,0
1441,20,1,1,1,0,0,0,0,0
1442,22,1,1,1,0,0,0,0,0
1443,32,1,1,1,0,0,0,0,0
1444,22,1,1,1,0,0,0,0,0
1445,6,1,1,1,0,0,0,0,0
1446,31,1,1,1,0,0,0,0,0
1447,23,1,1,1,0,0,0,0,0
1448,17,1,1,1,0,0,0,0,0
1449,8,1,1,1,0,0,0,0,0
1450,15,1,1,1,0,0,0,0,0
1451,16,1,1,1,0,0,0,0,0
1452,26,1,1,1,0,0,0,0,0
1453,19,1,1,1,0,0,0,0,0
1454,21,1,1,1,0,0,0,0,0
1455,30,1,1,1,0,0,0,0,0
1456,7,1,1,0,0,0,0,0,0
1457,5,1,1,0,0,0,0,0,0
1458,22,1,1,0,0,0,0,0,0
1459,14,1,1,0,0,0,0,0,0
1460,18,1,1,0,0,0,0,0,0
1461,3,1,1,0,0,0,0,0,0
1462,13,1,1,0,0,0,0,0,0
1463,7,1,1,0,0,0,0,0,0
1464,35,1,1,0,0,0,0,0,0
1465,31,1,1,0,0,0,0,0,0
1466,26,1,1,0,0,0,0,0,0
1467,1,1,1,0,0,0,0,0,0
1468,16,1,1,0,0,0,0,0,0
1469,15,1,1,0,0,0,0,0,0
1470,35,1,1,0,0,0,0,0,0
1471,17,1,1,0,0,0,0,0,0
1472,15,1,1,0,0,0,0,0,0
1473,2,1,1,0,0,0,0,0,0
1474,14,1,1,0,0,0,0,0,0
1475,30,1,1,0,0,0,0,0,0
1476,32,1,1,0,0,0,0,0,0
1477,31,1,1,0,0,0,0,0,0
1478,18,1,1,0,0,0,0,0,0
1479,25,1,1,0,0,0,0,0,0
1480,1,1,1,0,0,0,0,0,0
1481,3,1,1,0,0,0,0,0,0
1482,32,1,1,0,0,0,0,0,0
1483,18,1,1,0,0,0,0,0,0
1484,12,1,1,0,0,0,0,0,0
1485,31,1,1,0,0,0,0,0,0
1486,16,1,1,0,0,0,0,0,0
1487,11,1,1,0,0,0,0,0,0
1488,6,1,1,0,0,0,0,0,0
1489,26,1,1,0,0,0,0,0,0
1490,26,1,1,0,0,0,0,0,0
1491,15,1,1,0,0,0,0,0,0
1492,13,1,1,0,0,0,0,0,0
1493,26,1,1,0,0,0,0,0,0
1494,6,1,1,0,0,0,0,0,0
1495,32,1,1,0,0,0,0,0,0
1496,20,1,1,0,0,0,0,0,0
1497,1,1,1,0,0,0,0,0,0
1498,27,1,1,0,0,0,0,0,0
1499,2,1,1,0,0,0,0,0,0
1500,5,1,1,0,0,0,0,0,0
1501,33,1,1,0,0,0,0,0,0
1502,29,1,1,0,0,0,0,0,0
1503,2,1,1,0,0,0,0,0,0
1504,23,1,1,0,0,0,0,0,0
1505,7,1,1,0,0,0,0,0,0
1506,20,1,1,0,0,0,0,0,0
1507,22,1,1,0,0,0,0,0,0
1508,37,1,1,0,0,0,0,0,0
1509,1,1,1,0,0,0,0,0,0
1510,30,1,1,0,0,0,0,0,0
1511,13,1,1,0,0,0,0,0,0
1512,33,1,1,0,0,0,0,0,0
1513,30,1,1,0,0,0,0,0,0
1514,31,1,1,0,0,0,0,0,0
1515,29,1,1,0,0,0,0,0,0
1516,8,1,1,0,0,0,0,0,0
1517,9,1,1,0,0,0,0,0,0
1518,22,1,1,0,0,0,0,0,0
1519,27,1,1,0,0,0,0,0,0
1520,27,1,1,0,0,0,0,0,0
1521,10,1,1,0,0,0,0,0,0
1522,31,1,1,0,0,0,0,0,0
1523,4,1,1,0,0,0,0,0,0
1524,13,1,1,0,0,0,0,0,0
1525,1,1,1,0,0,0,0,0,0
1526,5,1,1,0,0,0,0,0,0
1527,15,1,1,0,0,0,0,0,0
1528,14,1,1,0,0,0,0,0,0
1529,11,1,1,0,0,0,0,0,0
1530,13,1,1,0,0,0,0,0,0
1531,19,1,1,0,0,0,0,0,0
1532,13,1,1,0,0,0,0,0,0
1533,34,1,1,0,0,0,0,0,0
1534,35,1,1,0,0,0,0,0,0
1535,4,1,1,0,0,0,0,0,0
1536,18,1,1,0,0,0,0,0,0
1537,9,1,1,0,0,0,0,0,0
1538,29,1,1,0,0,0,0,0,0
1539,37,1,1,0,0,0,0,0,0
1540,26,1,1,0,0,0,0,0,0
1541,37,1,1,0,0,0,0,0,0
1542,19,1,1,0,0,0,0,0,0
1543,17,1,1,0,0,0,0,0,0
1544,5,1,1,0,0,0,0,0,0
1545,4,1,1,0,0,0,0,0,0
1546,32,1,1,0,0,0,0,0,0
1547,30,1,1,0,0,0,0,0,0
1548,10,1,1,0,0,0,0,0,0
1549,14,1,1,0,0,0,0,0,0
1550,19,1,1,0,0,0,0,0,0
1551,28,1,1,0,0,0,0,0,0
1552,13,1,1,0,0,0,0,0,0
1553,14,1,1,0,0,0,0,0,0
1554,37,1,1,0,0,0,0,0,0
1555,18,1,1,0,0,0,0,0,0
1556,1,1,1,0,0,0,0,0,0
1557,22,1,1,0,0,0,0,0,0
1558,8,1,1,0,0,0,0,0,0
1559,32,1,1,0,0,0,0,0,0
1560,14,1,1,0,0,0,0,0,0
1561,8,1,1,0,0,0,0,0,0
1562,9,1,1,0,0,0,0,0,0
1563,15,1,1,0,0,0,0,0,0
1564,22,1,1,0,0,0,0,0,0
1565,16,1,1,0,0,0,0,0,0
1566,21,1,1,0,0,0,0,0,0
1567,16,1,1,0,0,0,0,0,0
1568,22,1,1,0,0,0,0,0,0
1569,16,1,1,0,0,0,0,0,0
1570,19,1,1,0,0,0,0,0,0
1571,26,1,1,0,0,0,0,0,0
1572,31,1,1,0,0,0,0,0,0
1573,25,1,1,0,0,0,0,0,0
1574,5,1,1,0,0,0,0,0,0
1575,37,1,1,0,0,0,0,0,0
1576,12,1,1,0,0,0,0,0,0
1577,23,1,1,0,0,0,0,0,0
1578,24,1,1,0,0,0,0,0,0
1579,15,1,1,0,0,0,0,0,0
1580,34,1,1,0,0,0,0,0,0
1581,16,1,1,0,0,0,0,0,0
1582,33,1,1,0,0,0,0,0,0
1583,29,1,1,0,0,0,0,0,0
1584,27,1,1,0,0,0,0,0,0
1585,35,1,1,0,0,0,0,0,0
1586,12,1,1,0,0,0,0,0,0
1587,3,1,1,0,0,0,0,0,0
1588,11,1,1,0,0,0,0,0,0
1589,19,1,1,0,0,0,0,0,0
1590,33,1,1,0,0,0,0,0,0
1591,33,1,1,0,0,0,0,0,0
1592,27,1,1,0,0,0,0,0,0
1593,13,1,1,0,0,0,0,0,0
1594,31,1,1,0,0,0,0,0,0
1595,5,1,1,0,0,0,0,0,0
1596,8,1,1,0,0,0,0,0,0
1597,18,1,1,0,0,0,0,0,0
1598,34,1,1,0,0,0,0,0,0
1599,28,1,1,0,0,0,0,0,0
1600,14,1,1,0,0,0,0,0,0
1601,31,1,1,0,0,0,0,0,0
1602,35,1,1,0,0,0,0,0,0
1603,8,1,1,0,0,0,0,0,0
1604,22,1,1,0,0,0,0,0,0
1605,36,1,1,0,0,0,0,0,0
1606,6,1,1,0,0,0,0,0,0
1607,21,1,1,0,0,0,0,0,0
1608,36,1,1,0,0,0,0,0,0
1609,23,1,1,0,0,0,0,0,0
1610,4,1,1,0,0,0,0,0,0
1611,12,1,1,0,0,0,0,0,0
1612,31,1,1,0,0,0,0,0,0
1613,22,1,1,0,0,0,0,0,0
1614,17,1,1,0,0,0,0,0,0
1615,18,1,1,0,0,0,0,0,0
1616,11,1,1,0,0,0,0,0,0
1617,21,1,1,0,0,0,0,0,0
1618,1,1,1,0,0,0,0,0,0
1619,23,1,1,0,0,0,0,0,0
1620,18,1,1,0,0,0,0,0,0
1621,18,1,1,0,0,0,0,0,0
1622,32,1,1,0,0,0,0,0,0
1623,20,1,1,0,0,0,0,0,0
1624,7,1,1,0,0,0,0,0,0
1625,37,1,1,0,0,0,0,0,0
1626,4,1,1,0,0,0,0,0,0
1627,34,1,1,0,0,0,0,0,0
1628,36,1,1,0,0,0,0,0,0
1629,22,1,1,0,0,0,0,0,0
1630,12,1,1,0,0,0,0,0,0
1631,7,1,1,0,0,0,0,0,0
1632,27,1,1,0,0,0,0,0,0
1633,3,1,1,0,0,0,0,0,0
1634,10,1,1,0,0,0,0,0,0
1635,24,1,1,0,0,0,0,0,0
1636,10,1,1,0,0,0,0,0,0
1637,23,1,1,0,0,0,0,0,0
1638,5,1,1,0,0,0,0,0,0
1639,11,1,1,0,0,0,0,0,0
1640,25,1,1,0,0,0,0,0,0
1641,5,1,1,0,0,0,0,0,0
1642,28,1,1,0,0,0,0,0,0
1643,4,1,1,0,0,0,0,0,0
1644,35,1,1,0,0,0,0,0,0
1645,3,1,1,0,0,0,0,0,0
1646,16,1,1,0,0,0,0,0,0
1647,21,1,1,0,0,0,0,0,0
1648,35,1,1,0,0,0,0,0,0
1649,9,1,1,0,0,0,0,0,0
1650,37,1,1,0,0,0,0,0,0
1651,2,1,1,0,0,0,0,0,0
1652,4,1,1,0,0,0,0,0,0
1653,2,1,1,0,0,0,0,0,0
1654,23,1,1,0,0,0,0,0,0
1655,15,1,1,0,0,0,0,0,0
1656,23,1,1,0,0,0,0,0,0
1657,35,1,1,0,0,0,0,0,0
1658,12,1,1,0,0,0,0,0,0
1659,5,1,1,0,0,0,0,0,0
1660,15,1,1,0,0,0,0,0,0
1661,8,1,1,0,0,0,0,0,0
1662,24,1,1,0,0,0,0,0,0
1663,12,1,1,0,0,0,0,0,0
1664,13,1,1,0,0,0,0,0,0
1665,15,1,1,0,0,0,0,0,0
1666,21,1,1,0,0,0,0,0,0
1667,5,1,1,0,0,0,0,0,0
1668,12,1,1,0,0,0,0,0,0
1669,20,1,1,0,0,0,0,0,0
1670,8,1,1,0,0,0,0,0,0
1671,15,1,1,0,0,0,0,0,0
1672,2,1,1,0,0,0,0,0,0
1673,1,1,1,0,0,0,0,0,0
1674,10,1,1,0,0,0,0,0,0
1675,37,1,1,0,0,0,0,0,0
1676,24,1,1,0,0,0,0,0,0
1677,8,1,1,0,0,0,0,0,0
1678,22,1,1,0,0,0,0,0,0
1679,30,1,1,0,0,0,0,0,0
1680,4,1,1,0,0,0,0,0,0
1681,18,1,1,0,0,0,0,0,0
1682,19,1,1,0,0,0,0,0,0
1683,17,1,1,0,0,0,0,0,0
1684,18,1,1,0,0,0,0,0,0
1685,11,1,1,0,0,0,0,0,0
1686,23,1,1,0,0,0,0,0,0
1687,20,1,1,0,0,0,0,0,0
1688,33,1,1,0,0,0,0,0,0
1689,3,1,1,0,0,0,0,0,0
1690,22,1,1,0,0,0,0,0,0
1691,14,1,1,0,0,0,0,0,0
1692,12,1,1,0,0,0,0,0,0
1693,7,1,1,0,0,0,0,0,0
1694,33,1,1,0,0,0,0,0,0
1695,27,1,1,0,0,0,0,0,0
1696,12,1,1,0,0,0,0,0,0
1697,9,1,1,0,0,0,0,0,0
1698,7,1,1,0,0,0,0,0,0
1699,8,1,1,0,0,0,0,0,0
1700,36,1,1,0,0,0,0,0,0
1701,12,1,1,0,0,0,0,0,0
1702,9,1,1,0,0,0,0,0,0
1703,29,1,1,0,0,0,0,0,0
1704,11,1,1,0,0,0,0,0,0
1705,20,1,1,0,0,0,0,0,0
1706,34,1,1,0,0,0,0,0,0
1707,9,1,1,0,0,0,0,0,0
1708,15,1,1,0,0,0,0,0,0
1709,24,1,1,0,0,0,0,0,0
1710,7,1,1,0,0,0,0,0,0
1711,35,1,1,0,0,0,0,0,0
1712,9,1,1,0,0,0,0,0,0
1713,32,1,1,0,0,0,0,0,0
1714,21,1,1,0,0,0,0,0,0
1715,8,1,1,0,0,0,0,0,0
1716,17,1,1,0,0,0,0,0,0
1717,34,1,1,0,0,0,0,0,0
1718,18,1,1,0,0,0,0,0,0
1719,31,1,1,0,0,0,0,0,0
1720,31,1,1,0,0,0,0,0,0
1721,37,1,1,0,0,0,0,0,0
1722,26,1,1,0,0,0,0,0,0
1723,25,1,1,0,0,0,0,0,0
1724,37,1,1,0,0,0,0,0,0
1725,19,1,1,0,0,0,0,0,0
1726,11,1,1,0,0,0,0,0,0
1727,19,1,1,0,0,0,0,0,0
1728,4,1,1,0,0,0,0,0,0
1729,24,1,1,0,0,0,0,0,0
1730,12,1,1,0,0,0,0,0,0
1731,18,1,1,0,0,0,0,0,0
1732,5,1,1,0,0,0,0,0,0
1733,14,1,1,0,0,0,0,0,0
1734,29,1,1,0,0,0,0,0,0
1735,13,1,1,0,0,0,0,0,0
1736,4,1,1,0,0,0,0,0,0
1737,27,1,1,0,0,0,0,0,0
1738,9,1,1,0,0,0,0,0,0
1739,25,1,1,0,0,0,0,0,0
1740,6,1,1,0,0,0,0,0,0
1741,33,1,1,0,0,0,0,0,0
1742,7,1,1,0,0,0,0,0,0
1743,28,1,1,0,0,0,0,0,0
1744,12,1,1,0,0,0,0,0,0
1745,16,1,1,0,0,0,0,0,0
1746,8,1,1,0,0,0,0,0,0
1747,16,1,1,0,0,0,0,0,0
1748,2,1,1,0,0,0,0,0,0
1749,29,1,1,0,0,0,0,0,0
1750,14,1,1,0,0,0,0,0,0
1751,12,1,1,0,0,0,0,0,0
1752,33,1,1,0,0,0,0,0,0
1753,37,1,1,0,0,0,0,0,0
1754,24,1,1,0,0,0,0,0,0
1755,26,1,1,0,0,0,0,0,0
1756,16,1,1,0,0,0,0,0,0
1757,7,1,1,0,0,0,0,0,0
1758,31,1,1,0,0,0,0,0,0
1759,30,1,0,0,0,0,0,0,0
1760,33,1,0,0,0,0,0,0,0
1761,26,1,0,0,0,0,0,0,0
1762,28,1,0,0,0,0,0,0,0
1763,2,1,0,0,0,0,0,0,0
1764,10,1,0,0,0,0,0,0,0
1765,5,1,0,0,0,0,0,0,0
1766,5,1,0,0,0,0,0,0,0
1767,31,1,0,0,0,0,0,0,0
1768,14,1,0,0,0,0,0,0,0
1769,12,1,0,0,0,0,0,0,0
1770,5,1,0,0,0,0,0,0,0
1771,22,1,0,0,0,0,0,0,0
1772,14,1,0,0,0,0,0,0,0
1773,17,1,0,0,0,0,0,0,0
1774,6,1,0,0,0,0,0,0,0
1775,29,1,0,0,0,0,0,0,0
1776,10,1,0,0,0,0,0,0,0
1777,29,1,0,0,0,0,0,0,0
1778,31,1,0,0,0,0,0,0,0
1779,3,1,0,0,0,0,0,0,0
1780,11,1,0,0,0,0,0,0,0
1781,1,1,0,0,0,0,0,0,0
1782,35,1,0,0,0,0,0,0,0
1783,14,1,0,0,0,0,0,0,0
1784,35,1,0,0,0,0,0,0,0
1785,13,1,0,0,0,0,0,0,0
1786,29,1,0,0,0,0,0,0,0
1787,4,1,0,0,0,0,0,0,0
1788,12,1,0,0,0,0,0,0,0
1789,36,1,0,0,0,0,0,0,0
1790,21,1,0,0,0,0,0,0,0
1791,13,1,0,0,0,0,0,0,0
1792,19,1,0,0,0,0,0,0,0
1793,26,1,0,0,0,0,0,0,0
1794,20,1,0,0,0,0,0,0,0
1795,25,1,0,0,0,0,0,0,0
1796,34,1,0,0,0,0,0,0,0
1797,2,1,0,0,0,0,0,0,0
1798,19,1,0,0,0,0,0,0,0
1799,34,1,0,0,0,0,0,0,0
1800,15,1,0,0,0,0,0,0,0
1801,14,1,0,0,0,0,0,0,0
1802,5,1,0,0,0,0,0,0,0
1803,33,1,0,0,0,0,0,0,0
1804,31,1,0,0,0,0,0,0,0
1805,1,1,0,0,0,0,0,0,0
1806,35,1,0,0,0,0,0,0,0
1807,21,1,0,0,0,0,0,0,0
1808,1,1,0,0,0,0,0,0,0
1809,31,1,0,0,0,0,0,0,0
1810,26,1,0,0,0,0,0,0,0
1811,18,1,0,0,0,0,0,0,0
1812,12,1,0,0,0,0,0,0,0
1813,1,1,0,0,0,0,0,0,0
1814,21,1,0,0,0,0,0,0,0
1815,3,1,0,0,0,0,0,0,0
1816,14,1,0,0,0,0,0,0,0
1817,14,1,0,0,0,0,0,0,0
1818,19,1,0,0,0,0,0,0,0
1819,31,1,0,0,0,0,0,0,0
1820,31,1,0,0,0,0,0,0,0
1821,19,1,0,0,0,0,0,0,0
1822,24,1,0,0,0,0,0,0,0
1823,11,1,0,0,0,0,0,0,0
1824,4,1,0,0,0,0,0,0,0
1825,31,1,0,0,0,0,0,0,0
1826,12,1,0,0,0,0,0,0,0
1827,25,1,0,0,0,0,0,0,0
1828,18,1,0,0,0,0,0,0,0
1829,10,1,0,0,0,0,0,0,0
1830,13,1,0,0,0,0,0,0,0
1831,22,1,0,0,0,0,0,0,0
1832,20,1,0,0,0,0,0,0,0
1833,20,1,0,0,0,0,0,0,0
1834,28,1,0,0,0,0,0,0,0
1835,17,1,0,0,0,0,0,0,0
1836,4,1,0,0,0,0,0,0,0
1837,4,1,0,0,0,0,0,0,0
1838,18,1,0,0,0,0,0,0,0
1839,32,1,0,0,0,0,0,0,0
1840,33,1,0,0,0,0,0,0,0
1841,34,1,0,0,0,0,0,0,0
1842,34,1,0,0,0,0,0,0,0
1843,13,1,0,0,0,0,0,0,0
1844,33,1,0,0,0,0,0,0,0
1845,17,1,0,0,0,0,0,0,0
1846,9,1,0,0,0,0,0,0,0
1847,23,1,0,0,0,0,0,0,0
1848,16,1,0,0,0,0,0,0,0
1849,16,1,0,0,0,0,0,0,0
1850,26,1,0,0,0,0,0,0,0
1851,21,1,0,0,0,0,0,0,0
1852,34,1,0,0,0,0,0,0,0
1853,19,1,0,0,0,0,0,0,0
1854,1,1,0,0,0,0,0,0,0
1855,31,1,0,0,0,0,0,0,0
1856,20,1,0,0,0,0,0,0,0
1857,13,1,0,0,0,0,0,0,0
1858,3,1,0,0,0,0,0,0,0
1859,11,1,0,0,0,0,0,0,0
1860,33,1,0,0,0,0,0,0,0
1861,35,1,0,0,0,0,0,0,0
1862,11,1,0,0,0,0,0,0,0
1863,33,1,0,0,0,0,0,0,0
1864,23,1,0,0,0,0,0,0,0
1865,1,1,0,0,0,0,0,0,0
1866,33,1,0,0,0,0,0,0,0
1867,15,1,0,0,0,0,0,0,0
1868,8,1,0,0,0,0,0,0,0
1869,9,1,0,0,0,0,0,0,0
1870,24,1,0,0,0,0,0,0,0
1871,7,1,0,0,0,0,0,0,0
1872,5,1,0,0,0,0,0,0,0
1873,16,1,0,0,0,0,0,0,0
1874,26,1,0,0,0,0,0,0,0
1875,27,1,0,0,0,0,0,0,0
1876,9,1,0,0,0,0,0,0,0
1877,9,1,0,0,0,0,0,0,0
1878,16,1,0,0,0,0,0,0,0
1879,1,1,0,0,0,0,0,0,0
1880,22,1,0,0,0,0,0,0,0
1881,26,1,0,0,0,0,0,0,0
1882,37,1,0,0,0,0,0,0,0
1883,2,1,0,0,0,0,0,0,0
1884,27,1,0,0,0,0,0,0,0
1885,27,1,0,0,0,0,0,0,0
1886,1,1,0,0,0,0,0,0,0
1887,18,1,0,0,0,0,0,0,0
1888,23,1,0,0,0,0,0,0,0
1889,29,1,0,0,0,0,0,0,0
1890,7,1,0,0,0,0,0,0,0
1891,27,1,0,0,0,0,0,0,0
1892,9,1,0,0,0,0,0,0,0
1893,32,1,0,0,0,0,0,0,0
1894,25,1,0,0,0,0,0,0,0
1895,34,1,0,0,0,0,0,0,0
1896,15,1,0,0,0,0,0,0,0
1897,13,1,0,0,0,0,0,0,0
1898,9,1,0,0,0,0,0,0,0
1899,20,1,0,0,0,0,0,0,0
1900,30,1,0,0,0,0,0,0,0
1901,25,1,0,0,0,0,0,0,0
1902,23,1,0,0,0,0,0,0,0
1903,9,1,0,0,0,0,0,0,0
1904,4,1,0,0,0,0,0,0,0
1905,20,1,0,0,0,0,0,0,0
1906,13,1,0,0,0,0,0,0,0
1907,4,1,0,0,0,0,0,0,0
1908,13,1,0,0,0,0,0,0,0
1909,27,1,0,0,0,0,0,0,0
1910,25,1,0,0,0,0,0,0,0
1911,26,1,0,0,0,0,0,0,0
1912,30,1,0,0,0,0,0,0,0
1913,22,1,0,0,0,0,0,0,0
1914,22,1,0,0,0,0,0,0,0
1915,32,1,0,0,0,0,0,0,0
1916,17,1,0,0,0,0,0,0,0
1917,26,1,0,0,0,0,0,0,0
1918,30,1,0,0,0,0,0,0,0
1919,10,1,0,0,0,0,0,0,0
1920,34,1,0,0,0,0,0,0,0
1921,1,1,0,0,0,0,0,0,0
1922,26,1,0,0,0,0,0,0,0
1923,24,1,0,0,0,0,0,0,0
1924,14,1,0,0,0,0,0,0,0
1925,7,1,0,0,0,0,0,0,0
1926,8,1,0,0,0,0,0,0,0
1927,27,1,0,0,0,0,0,0,0
1928,34,1,0,0,0,0,0,0,0
1929,4,1,0,0,0,0,0,0,0
1930,3,1,0,0,0,0,0,0,0
1931,31,1,0,0,0,0,0,0,0
1932,20,1,0,0,0,0,0,0,0
1933,10,1,0,0,0,0,0,0,0
1934,1,1,0,0,0,0,0,0,0
1935,30,1,0,0,0,0,0,0,0
1936,6,1,0,0,0,0,0,0,0
1937,21,1,0,0,0,0,0,0,0
1938,29,1,0,0,0,0,0,0,0
1939,36,1,0,0,0,0,0,0,0
1940,10,1,0,0,0,0,0,0,0
1941,36,1,0,0,0,0,0,0,0
1942,30,1,0,0,0,0,0,0,0
1943,36,1,0,0,0,0,0,0,0
1944,15,1,0,0,0,0,0,0,0
1945,21,1,0,0,0,0,0,0,0
1946,27,1,0,0,0,0,0,0,0
1947,23,1,0,0,0,0,0,0,0
1948,15,1,0,0,0,0,0,0,0
1949,13,1,0,0,0,0,0,0,0
1950,24,1,0,0,0,0,0,0,0
1951,32,1,0,0,0,0,0,0,0
1952,27,1,0,0,0,0,0,0,0
1953,18,1,0,0,0,0,0,0,0
1954,1,1,0,0,0,0,0,0,0
1955,16,1,0,0,0,0,0,0,0
1956,19,1,0,0,0,0,0,0,0
1957,20,1,0,0,0,0,0,0,0
1958,4,1,0,0,0,0,0,0,0
1959,20,1,0,0,0,0,0,0,0
1960,15,1,0,0,0,0,0,0,0
1961,1,1,0,0,0,0,0,0,0
1962,24,1,0,0,0,0,0,0,0
1963,22,1,0,0,0,0,0,0,0
1964,35,1,0,0,0,0,0,0,0
1965,35,1,0,0,0,0,0,0,0
1966,11,1,0,0,0,0,0,0,0
1967,24,1,0,0,0,0,0,0,0
1968,15,1,0,0,0,0,0,0,0
1969,34,1,0,0,0,0,0,0,0
1970,7,1,0,0,0,0,0,0,0
1971,33,1,0,0,0,0,0,0,0
1972,16,1,0,0,0,0,0,0,0
1973,32,1,0,0,0,0,0,0,0
1974,18,1,0,0,0,0,0,0,0
1975,15,1,0,0,0,0,0,0,0
1976,19,1,0,0,0,0,0,0,0
1977,32,1,0,0,0,0,0,0,0
1978,25,1,0,0,0,0,0,0,0
1979,35,1,0,0,0,0,0,0,0
1980,2,1,0,0,0,0,0,0,0
1981,27,1,0,0,0,0,0,0,0
1982,2,1,0,0,0,0,0,0,0
1983,24,1,0,0,0,0,0,0,0
1984,22,1,0,0,0,0,0,0,0
1985,3,1,0,0,0,0,0,0,0
1986,20,1,0,0,0,0,0,0,0
1987,34,1,0,0,0,0,0,0,0
1988,16,1,0,0,0,0,0,0,0
1989,11,1,0,0,0,0,0,0,0
1990,17,1,0,0,0,0,0,0,0
1991,19,1,0,0,0,0,0,0,0
1992,24,1,0,0,0,0,0,0,0
1993,35,1,0,0,0,0,0,0,0
1994,33,1,0,0,0,0,0,0,0
1995,18,1,0,0,0,0,0,0,0
1996,33,1,0,0,0,0,0,0,0
1997,6,1,0,0,0,0,0,0,0
1998,17,1,0,0,0,0,0,0,0
1999,13,1,0,0,0,0,0,0,0
2000,29,1,0,0,0,0,0,0,0
2001,19,1,0,0,0,0,0,0,0
2002,2,1,0,0,0,0,0,0,0
2003,8,1,0,0,0,0,0,0,0
2004,9,1,0,0,0,0,0,0,0
2005,13,1,0,0,0,0,0,0,0
2006,1,1,0,0,0,0,0,0,0
2007,7,1,0,0,0,0,0,0,0
2008,20,1,0,0,0,0,0,0,0
2009,9,1,0,0,0,0,0,0,0
2010,25,1,0,0,0,0,0,0,0
2011,2,1,0,0,0,0,0,0,0
2012,22,1,0,0,0,0,0,0,0
2013,13,1,0,0,0,0,0,0,0
2014,12,1,0,0,0,0,0,0,0
2015,17,1,0,0,0,0,0,0,0
2016,6,1,0,0,0,0,0,0,0
2017,18,1,0,0,0,0,0,0,0
2018,36,1,0,0,0,0,0,0,0
2019,31,1,0,0,0,0,0,0,0
2020,9,1,0,0,0,0,0,0,0
2021,14,1,0,0,0,0,0,0,0
2022,6,1,0,0,0,0,0,0,0
2023,4,1,0,0,0,0,0,0,0
2024,21,1,0,0,0,0,0,0,0
2025,30,1,0,0,0,0,0,0,0
2026,19,1,0,0,0,0,0,0,0
2027,25,1,0,0,0,0,0,0,0
2028,14,1,0,0,0,0,0,0,0
2029,15,1,0,0,0,0,0,0,0
2030,1,1,0,0,0,0,0,0,0
2031,1,1,0,0,0,0,0,0,0
2032,24,1,0,0,0,0,0,0,0
2033,14,1,0,0,0,0,0,0,0
2034,34,1,0,0,0,0,0,0,0
2035,9,1,0,0,0,0,0,0,0
2036,5,1,0,0,0,0,0,0,0
2037,11,1,0,0,0,0,0,0,0
2038,34,1,0,0,0,0,0,0,0
2039,36,1,0,0,0,0,0,0,0
2040,33,1,0,0,0,0,0,0,0
2041,36,1,0,0,0,0,0,0,0
2042,12,1,0,0,0,0,0,0,0
2043,18,1,0,0,0,0,0,0,0
2044,13,1,0,0,0,0,0,0,0
2045,25,1,0,0,0,0,0,0,0
2046,2,1,0,0,0,0,0,0,0
2047,28,1,0,0,0,0,0,0,0
2048,8,1,0,0,0,0,0,0,0
2049,35,1,0,0,0,0,0,0,0
2050,37,1,0,0,0,0,0,0,0
2051,31,1,0,0,0,0,0,0,0
2052,19,1,0,0,0,0,0,0,0
2053,10,1,0,0,0,0,0,0,0
2054,32,1,0,0,0,0,0,0,0
2055,23,1,0,0,0,0,0,0,0
2056,5,1,0,0,0,0,0,0,0
2057,14,1,0,0,0,0,0,0,0
2058,22,1,0,0,0,0,0,0,0
2059,16,1,0,0,0,0,0,0,0
2060,2,1,0,0,0,0,0,0,0
2061,30,1,0,0,0,0,0,0,0
2062,14,1,0,0,0,0,0,0,0
2063,4,1,0,0,0,0,0,0,0
2064,1,1,0,0,0,0,0,0,0
2065,23,1,0,0,0,0,0,0,0
2066,37,1,0,0,0,0,0,0,0
2067,18,1,0,0,0,0,0,0,0
2068,27,1,0,0,0,0,0,0,0
2069,34,1,0,0,0,0,0,0,0
2070,29,1,0,0,0,0,0,0,0
2071,24,1,0,0,0,0,0,0,0
2072,14,1,0,0,0,0,0,0,0
2073,28,1,0,0,0,0,0,0,0
2074,36,1,0,0,0,0,0,0,0
2075,14,1,0,0,0,0,0,0,0
2076,19,1,0,0,0,0,0,0,0
2077,1,1,0,0,0,0,0,0,0
2078,16,1,0,0,0,0,0,0,0
2079,32,1,0,0,0,0,0,0,0
2080,2,1,0,0,0,0,0,0,0
2081,3,1,0,0,0,0,0,0,0
2082,28,1,0,0,0,0,0,0,0
2083,34,1,0,0,0,0,0,0,0
2084,13,1,0,0,0,0,0,0,0
2085,18,1,0,0,0,0,0,0,0
2086,5,1,0,0,0,0,0,0,0
2087,28,1,0,0,0,0,0,0,0
2088,20,1,0,0,0,0,0,0,0
2089,16,1,0,0,0,0,0,0,0
2090,8,1,0,0,0,0,0,0,0
2091,22,1,0,0,0,0,0,0,0
2092,10,1,0,0,0,0,0,0,0
2093,3,1,0,0,0,0,0,0,0
2094,23,1,0,0,0,0,0,0,0
2095,3,1,0,0,0,0,0,0,0
2096,10,1,0,0,0,0,0,0,0
2097,36,1,0,0,0,0,0,0,0
2098,14,1,0,0,0,0,0,0,0
2099,9,1,0,0,0,0,0,0,0
2100,16,1,0,0,0,0,0,0,0
2101,13,1,0,0,0,0,0,0,0
2102,2,1,0,0,0,0,0,0,0
2103,36,1,0,0,0,0,0,0,0
2104,7,1,0,0,0,0,0,0,0
2105,8,1,0,0,0,0,0,0,0
2106,21,1,0,0,0,0,0,0,0
2107,28,1,0,0,0,0,0,0,0
2108,17,1,0,0,0,0,0,0,0
2109,37,1,0,0,0,0,0,0,0
2110,18,1,0,0,0,0,0,0,0
2111,18,1,0,0,0,0,0,0,0
2112,12,1,0,0,0,0,0,0,0
2113,28,1,0,0,0,0,0,0,0
2114,37,1,0,0,0,0,0,0,0
2115,2,1,0,0,0,0,0,0,0
2116,19,1,0,0,0,0,0,0,0
2117,6,1,0,0,0,0,0,0,0
2118,28,1,0,0,0,0,0,0,0
2119,14,1,0,0,0,0,0,0,0
2120,10,1,0,0,0,0,0,0,0
2121,7,1,0,0,0,0,0,0,0
2122,16,1,0,0,0,0,0,0,0
2123,30,1,0,0,0,0,0,0,0
2124,23,1,0,0,0,0,0,0,0
2125,37,1,0,0,0,0,0,0,0
2126,13,1,0,0,0,0,0,0,0
2127,11,1,0,0,0,0,0,0,0
2128,8,1,0,0,0,0,0,0,0
2129,29,1,0,0,0,0,0,0,0
2130,4,1,0,0,0,0,0,0,0
2131,1,1,0,0,0,0,0,0,0
2132,18,1,0,0,0,0,0,0,0
2133,11,1,0,0,0,0,0,0,0
2134,17,1,0,0,0,0,0,0,0
2135,31,1,0,0,0,0,0,0,0
2136,9,1,0,0,0,0,0,0,0
2137,16,1,0,0,0,0,0,0,0
2138,24,1,0,0,0,0,0,0,0
2139,29,1,0,0,0,0,0,0,0
2140,30,1,0,0,0,0,0,0,0
2141,8,1,0,0,0,0,0,0,0
2142,12,1,0,0,0,0,0,0,0
2143,12,1,0,0,0,0,0,0,0
2144,23,1,0,0,0,0,0,0,0
2145,36,1,0,0,0,0,0,0,0
2146,3,1,0,0,0,0,0,0,0
2147,35,1,0,0,0,0,0,0,0
2148,12,1,0,0,0,0,0,0,0
2149,32,1,0,0,0,0,0,0,0
2150,12,1,0,0,0,0,0,0,0
2151,37,1,0,0,0,0,0,0,0
2152,16,1,0,0,0,0,0,0,0
2153,36,1,0,0,0,0,0,0,0
2154,32,1,0,0,0,0,0,0,0
2155,37,1,0,0,0,0,0,0,0
2156,4,1,0,0,0,0,0,0,0
2157,27,1,0,0,0,0,0,0,0
2158,28,1,0,0,0,0,0,0,0
2159,27,1,0,0,0,0,0,0,0
2160,17,1,0,0,0,0,0,0,0
2161,31,1,0,0,0,0,0,0,0
